game_id,season,season_type,game_date,game_date_time,athlete_id,athlete_display_name,team_id,team_name,team_location,team_short_display_name,minutes,field_goals_made,field_goals_attempted,three_point_field_goals_made,three_point_field_goals_attempted,free_throws_made,free_throws_attempted,offensive_rebounds,defensive_rebounds,rebounds,assists,steals,blocks,turnovers,fouls,plus_minus,points,starter,ejected,did_not_play,reason,active,athlete_jersey,athlete_short_name,athlete_headshot_href,athlete_position_name,athlete_position_abbreviation,team_display_name,team_uid,team_slug,team_logo,team_abbreviation,team_color,team_alternate_color,home_away,team_winner,team_score,opponent_team_id,opponent_team_name,opponent_team_location,opponent_team_display_name,opponent_team_abbreviation,opponent_team_logo,opponent_team_color,opponent_team_alternate_color,opponent_team_score
401856895,2026,2,2026-05-09,2026-05-10T01:00:00Z,4433630,Rickea Jackson,19,Sky,Chicago,Sky,36,5,14,1,4,8,10,1,6,7,3,0,1,3,4,+10,19,TRUE,FALSE,FALSE,COACH'S DECISION,TRUE,5,R. Jackson,https://a.espncdn.com/i/headshots/wnba/players/full/4433630.png,Forward,F,Chicago Sky,s:40~l:59~t:19,chicago-sky,https://a.espncdn.com/i/teamlogos/wnba/500/chi.png,CHI,5091cd,ffd520,away,TRUE,98,132052,Fire,Portland,Portland Fire,POR,https://a.espncdn.com/i/teamlogos/wnba/500/por.png,cee5eb,000000,83
401856895,2026,2,2026-05-09,2026-05-10T01:00:00Z,4433405,Kamilla Cardoso,19,Sky,Chicago,Sky,25,8,15,0,0,6,8,8,6,14,1,0,1,2,3,+3,22,TRUE,FALSE,FALSE,COACH'S DECISION,TRUE,10,K. Cardoso,https://a.espncdn.com/i/headshots/wnba/players/full/4433405.png,Center,C,Chicago Sky,s:40~l:59~t:19,chicago-sky,https://a.espncdn.com/i/teamlogos/wnba/500/chi.png,CHI,5091cd,ffd520,away,TRUE,98,132052,Fire,Portland,Portland Fire,POR,https://a.espncdn.com/i/teamlogos/wnba/500/por.png,cee5eb,000000,83
401856895,2026,2,2026-05-09,2026-05-10T01:00:00Z,2491205,Skylar Diggins,19,Sky,Chicago,Sky,33,8,12,2,3,3,5,2,9,11,7,1,2,2,2,+10,21,TRUE,FALSE,FALSE,COACH'S DECISION,TRUE,4,S. Diggins,https://a.espncdn.com/i/headshots/wnba/players/full/2491205.png,Guard,G,Chicago Sky,s:40~l:59~t:19,chicago-sky,https://a.espncdn.com/i/teamlogos/wnba/500/chi.png,CHI,5091cd,ffd520,away,TRUE,98,132052,Fire,Portland,Portland Fire,POR,https://a.espncdn.com/i/teamlogos/wnba/500/por.png,cee5eb,000000,83
401856895,2026,2,2026-05-09,2026-05-10T01:00:00Z,4432865,Jacy Sheldon,19,Sky,Chicago,Sky,34,4,7,1,3,4,4,0,4,4,4,1,3,0,3,+17,13,TRUE,FALSE,FALSE,COACH'S DECISION,TRUE,0,J. Sheldon,https://a.espncdn.com/i/headshots/wnba/players/full/4432865.png,Guard,G,Chicago Sky,s:40~l:59~t:19,chicago-sky,https://a.espncdn.com/i/teamlogos/wnba/500/chi.png,CHI,5091cd,ffd520,away,TRUE,98,132052,Fire,Portland,Portland Fire,POR,https://a.espncdn.com/i/teamlogos/wnba/500/por.png,cee5eb,000000,83
401856895,2026,2,2026-05-09,2026-05-10T01:00:00Z,4858656,Gabriela Jaquez,19,Sky,Chicago,Sky,32,3,7,1,1,3,4,2,5,7,2,2,0,0,3,+14,10,TRUE,FALSE,FALSE,COACH'S DECISION,TRUE,11,G. Jaquez,https://a.espncdn.com/i/headshots/wnba/players/full/4858656.png,Guard,G,Chicago Sky,s:40~l:59~t:19,chicago-sky,https://a.espncdn.com/i/teamlogos/wnba/500/chi.png,CHI,5091cd,ffd520,away,TRUE,98,132052,Fire,Portland,Portland Fire,POR,https://a.espncdn.com/i/teamlogos/wnba/500/por.png,cee5eb,000000,83
401856895,2026,2,2026-05-09,2026-05-10T01:00:00Z,2566081,Elizabeth Williams,19,Sky,Chicago,Sky,15,4,5,0,0,2,3,1,0,1,2,0,1,0,0,+12,10,FALSE,FALSE,FALSE,COACH'S DECISION,FALSE,1,E. Williams,https://a.espncdn.com/i/headshots/wnba/players/full/2566081.png,Center,C,Chicago Sky,s:40~l:59~t:19,chicago-sky,https://a.espncdn.com/i/teamlogos/wnba/500/chi.png,CHI,5091cd,ffd520,away,TRUE,98,132052,Fire,Portland,Portland Fire,POR,https://a.espncdn.com/i/teamlogos/wnba/500/por.png,cee5eb,000000,83
401856895,2026,2,2026-05-09,2026-05-10T01:00:00Z,2566186,Rachel Banham,19,Sky,Chicago,Sky,15,1,3,1,3,0,0,0,0,0,2,0,0,2,1,+3,3,FALSE,FALSE,FALSE,COACH'S DECISION,FALSE,24,R. Banham,https://a.espncdn.com/i/headshots/wnba/players/full/2566186.png,Guard,G,Chicago Sky,s:40~l:59~t:19,chicago-sky,https://a.espncdn.com/i/teamlogos/wnba/500/chi.png,CHI,5091cd,ffd520,away,TRUE,98,132052,Fire,Portland,Portland Fire,POR,https://a.espncdn.com/i/teamlogos/wnba/500/por.png,cee5eb,000000,83
401856895,2026,2,2026-05-09,2026-05-10T01:00:00Z,4433433,Aicha Coulibaly,19,Sky,Chicago,Sky,6,0,3,0,1,0,0,0,2,2,1,0,0,0,1,0,0,FALSE,FALSE,FALSE,COACH'S DECISION,FALSE,35,A. Coulibaly,https://a.espncdn.com/i/headshots/wnba/players/full/4433433.png,Guard,G,Chicago Sky,s:40~l:59~t:19,chicago-sky,https://a.espncdn.com/i/teamlogos/wnba/500/chi.png,CHI,5091cd,ffd520,away,TRUE,98,132052,Fire,Portland,Portland Fire,POR,https://a.espncdn.com/i/teamlogos/wnba/500/por.png,cee5eb,000000,83
401856895,2026,2,2026-05-09,2026-05-10T01:00:00Z,4594786,Sydney Taylor,19,Sky,Chicago,Sky,4,0,3,0,2,0,0,0,0,0,0,0,0,0,0,+6,0,FALSE,FALSE,FALSE,COACH'S DECISION,FALSE,12,S. Taylor,https://a.espncdn.com/i/headshots/wnba/players/full/4594786.png,Guard,G,Chicago Sky,s:40~l:59~t:19,chicago-sky,https://a.espncdn.com/i/teamlogos/wnba/500/chi.png,CHI,5091cd,ffd520,away,TRUE,98,132052,Fire,Portland,Portland Fire,POR,https://a.espncdn.com/i/teamlogos/wnba/500/por.png,cee5eb,000000,83
401856895,2026,2,2026-05-09,2026-05-10T01:00:00Z,3906972,Bridget Carleton,132052,Fire,Portland,Fire,30,4,10,3,7,2,3,0,1,1,4,1,1,0,1,-6,13,TRUE,FALSE,FALSE,COACH'S DECISION,TRUE,6,B. Carleton,https://a.espncdn.com/i/headshots/wnba/players/full/3906972.png,Forward,F,Portland Fire,s:40~l:59~t:132052,portland-fire,https://a.espncdn.com/i/teamlogos/wnba/500/por.png,POR,cee5eb,000000,home,FALSE,83,19,Sky,Chicago,Chicago Sky,CHI,https://a.espncdn.com/i/teamlogos/wnba/500/chi.png,5091cd,ffd520,98
401856895,2026,2,2026-05-09,2026-05-10T01:00:00Z,4398729,Emily Engstler,132052,Fire,Portland,Fire,23,2,6,0,2,0,0,0,2,2,2,1,3,3,5,-3,4,TRUE,FALSE,FALSE,COACH'S DECISION,TRUE,21,E. Engstler,https://a.espncdn.com/i/headshots/wnba/players/full/4398729.png,Forward,F,Portland Fire,s:40~l:59~t:132052,portland-fire,https://a.espncdn.com/i/teamlogos/wnba/500/por.png,POR,cee5eb,000000,home,FALSE,83,19,Sky,Chicago,Chicago Sky,CHI,https://a.espncdn.com/i/teamlogos/wnba/500/chi.png,5091cd,ffd520,98
401856895,2026,2,2026-05-09,2026-05-10T01:00:00Z,5209202,Nyadiew Puoch,132052,Fire,Portland,Fire,17,2,3,1,1,0,0,1,0,1,2,3,0,0,0,-1,5,TRUE,FALSE,FALSE,COACH'S DECISION,FALSE,13,N. Puoch,https://a.espncdn.com/i/headshots/wnba/players/full/5209202.png,Forward,F,Portland Fire,s:40~l:59~t:132052,portland-fire,https://a.espncdn.com/i/teamlogos/wnba/500/por.png,POR,cee5eb,000000,home,FALSE,83,19,Sky,Chicago,Chicago Sky,CHI,https://a.espncdn.com/i/teamlogos/wnba/500/chi.png,5091cd,ffd520,98
401856895,2026,2,2026-05-09,2026-05-10T01:00:00Z,4682797,Luisa Geiselsoder,132052,Fire,Portland,Fire,25,2,10,1,6,3,3,1,6,7,3,0,2,0,3,-2,8,TRUE,FALSE,FALSE,COACH'S DECISION,TRUE,15,L. Geiselsoder,https://a.espncdn.com/i/headshots/wnba/players/full/4682797.png,Center,C,Portland Fire,s:40~l:59~t:132052,portland-fire,https://a.espncdn.com/i/teamlogos/wnba/500/por.png,POR,cee5eb,000000,home,FALSE,83,19,Sky,Chicago,Chicago Sky,CHI,https://a.espncdn.com/i/teamlogos/wnba/500/chi.png,5091cd,ffd520,98
401856895,2026,2,2026-05-09,2026-05-10T01:00:00Z,5208982,Carla Leite,132052,Fire,Portland,Fire,29,3,11,1,5,11,12,1,2,3,3,0,0,1,3,-2,18,TRUE,FALSE,FALSE,COACH'S DECISION,TRUE,0,C. Leite,https://a.espncdn.com/i/headshots/wnba/players/full/5208982.png,Guard,G,Portland Fire,s:40~l:59~t:132052,portland-fire,https://a.espncdn.com/i/teamlogos/wnba/500/por.png,POR,cee5eb,000000,home,FALSE,83,19,Sky,Chicago,Chicago Sky,CHI,https://a.espncdn.com/i/teamlogos/wnba/500/chi.png,5091cd,ffd520,98
401856895,2026,2,2026-05-09,2026-05-10T01:00:00Z,5105406,Frieda Buhner,132052,Fire,Portland,Fire,13,2,4,0,2,0,0,0,3,3,0,0,0,0,3,-6,4,FALSE,FALSE,FALSE,COACH'S DECISION,FALSE,48,F. Buhner,,Forward,F,Portland Fire,s:40~l:59~t:132052,portland-fire,https://a.espncdn.com/i/teamlogos/wnba/500/por.png,POR,cee5eb,000000,home,FALSE,83,19,Sky,Chicago,Chicago Sky,CHI,https://a.espncdn.com/i/teamlogos/wnba/500/chi.png,5091cd,ffd520,98
401856895,2026,2,2026-05-09,2026-05-10T01:00:00Z,3934218,Megan Gustafson,132052,Fire,Portland,Fire,14,4,6,2,4,0,2,0,1,1,1,0,0,1,1,-15,10,FALSE,FALSE,FALSE,COACH'S DECISION,FALSE,17,M. Gustafson,https://a.espncdn.com/i/headshots/wnba/players/full/3934218.png,Center,C,Portland Fire,s:40~l:59~t:132052,portland-fire,https://a.espncdn.com/i/teamlogos/wnba/500/por.png,POR,cee5eb,000000,home,FALSE,83,19,Sky,Chicago,Chicago Sky,CHI,https://a.espncdn.com/i/teamlogos/wnba/500/chi.png,5091cd,ffd520,98
401856895,2026,2,2026-05-09,2026-05-10T01:00:00Z,5108550,Serah Williams,132052,Fire,Portland,Fire,8,0,3,0,0,0,0,0,2,2,1,0,0,0,0,-2,0,FALSE,FALSE,FALSE,COACH'S DECISION,FALSE,25,S. Williams,https://a.espncdn.com/i/headshots/wnba/players/full/5108550.png,Center,C,Portland Fire,s:40~l:59~t:132052,portland-fire,https://a.espncdn.com/i/teamlogos/wnba/500/por.png,POR,cee5eb,000000,home,FALSE,83,19,Sky,Chicago,Chicago Sky,CHI,https://a.espncdn.com/i/teamlogos/wnba/500/chi.png,5091cd,ffd520,98
401856895,2026,2,2026-05-09,2026-05-10T01:00:00Z,4595910,Haley Jones,132052,Fire,Portland,Fire,7,2,3,0,0,0,0,0,0,0,0,0,0,0,2,-10,4,FALSE,FALSE,FALSE,COACH'S DECISION,FALSE,30,H. Jones,https://a.espncdn.com/i/headshots/wnba/players/full/4595910.png,Guard,G,Portland Fire,s:40~l:59~t:132052,portland-fire,https://a.espncdn.com/i/teamlogos/wnba/500/por.png,POR,cee5eb,000000,home,FALSE,83,19,Sky,Chicago,Chicago Sky,CHI,https://a.espncdn.com/i/teamlogos/wnba/500/chi.png,5091cd,ffd520,98
401856895,2026,2,2026-05-09,2026-05-10T01:00:00Z,4703794,Sarah Ashlee Barker,132052,Fire,Portland,Fire,24,6,9,1,2,0,0,0,4,4,0,1,1,1,4,-15,13,FALSE,FALSE,FALSE,COACH'S DECISION,TRUE,3,S. Barker,https://a.espncdn.com/i/headshots/wnba/players/full/4703794.png,Guard,G,Portland Fire,s:40~l:59~t:132052,portland-fire,https://a.espncdn.com/i/teamlogos/wnba/500/por.png,POR,cee5eb,000000,home,FALSE,83,19,Sky,Chicago,Chicago Sky,CHI,https://a.espncdn.com/i/teamlogos/wnba/500/chi.png,5091cd,ffd520,98
401856895,2026,2,2026-05-09,2026-05-10T01:00:00Z,5108051,Jordan Harrison,132052,Fire,Portland,Fire,11,2,6,0,0,0,0,0,0,0,4,0,0,2,2,-13,4,FALSE,FALSE,FALSE,COACH'S DECISION,FALSE,2,J. Harrison,,Guard,G,Portland Fire,s:40~l:59~t:132052,portland-fire,https://a.espncdn.com/i/teamlogos/wnba/500/por.png,POR,cee5eb,000000,home,FALSE,83,19,Sky,Chicago,Chicago Sky,CHI,https://a.espncdn.com/i/teamlogos/wnba/500/chi.png,5091cd,ffd520,98
401856895,2026,2,2026-05-09,2026-05-10T01:00:00Z,5350174,Teja Oblak,132052,Fire,Portland,Fire,,,,,,,,,,,,,,,,,,FALSE,FALSE,TRUE,COACH'S DECISION,FALSE,7,T. Oblak,,Forward,F,Portland Fire,s:40~l:59~t:132052,portland-fire,https://a.espncdn.com/i/teamlogos/wnba/500/por.png,POR,cee5eb,000000,home,FALSE,83,19,Sky,Chicago,Chicago Sky,CHI,https://a.espncdn.com/i/teamlogos/wnba/500/chi.png,5091cd,ffd520,98
401856899,2026,2,2026-05-09,2026-05-10T00:00:00Z,4398915,Naz Hillmon,20,Dream,Atlanta,Dream,33,6,10,2,5,1,2,3,4,7,2,1,0,0,0,+11,15,TRUE,FALSE,FALSE,COACH'S DECISION,TRUE,00,N. Hillmon,https://a.espncdn.com/i/headshots/wnba/players/full/4398915.png,Forward,F,Atlanta Dream,s:40~l:59~t:20,atlanta-dream,https://a.espncdn.com/i/teamlogos/wnba/500/atl.png,ATL,e31837,5091cc,away,TRUE,91,8,Lynx,Minnesota,Minnesota Lynx,MIN,https://a.espncdn.com/i/teamlogos/wnba/500/min.png,266092,79bc43,90
401856899,2026,2,2026-05-09,2026-05-10T00:00:00Z,4433402,Angel Reese,20,Dream,Atlanta,Dream,32,4,11,0,0,3,6,9,5,14,2,2,3,5,5,-3,11,TRUE,FALSE,FALSE,COACH'S DECISION,TRUE,5,A. Reese,https://a.espncdn.com/i/headshots/wnba/players/full/4433402.png,Forward,F,Atlanta Dream,s:40~l:59~t:20,atlanta-dream,https://a.espncdn.com/i/teamlogos/wnba/500/atl.png,ATL,e31837,5091cc,away,TRUE,91,8,Lynx,Minnesota,Minnesota Lynx,MIN,https://a.espncdn.com/i/teamlogos/wnba/500/min.png,266092,79bc43,90
401856899,2026,2,2026-05-09,2026-05-10T00:00:00Z,3058901,Allisha Gray,20,Dream,Atlanta,Dream,33,7,18,1,8,9,11,2,6,8,3,2,1,4,2,+13,24,TRUE,FALSE,FALSE,COACH'S DECISION,TRUE,15,A. Gray,https://a.espncdn.com/i/headshots/wnba/players/full/3058901.png,Guard,G,Atlanta Dream,s:40~l:59~t:20,atlanta-dream,https://a.espncdn.com/i/teamlogos/wnba/500/atl.png,ATL,e31837,5091cc,away,TRUE,91,8,Lynx,Minnesota,Minnesota Lynx,MIN,https://a.espncdn.com/i/teamlogos/wnba/500/min.png,266092,79bc43,90
401856899,2026,2,2026-05-09,2026-05-10T00:00:00Z,3142250,Jordin Canada,20,Dream,Atlanta,Dream,27,4,7,1,3,3,4,1,1,2,6,0,0,4,0,+2,12,TRUE,FALSE,FALSE,COACH'S DECISION,TRUE,3,J. Canada,https://a.espncdn.com/i/headshots/wnba/players/full/3142250.png,Guard,G,Atlanta Dream,s:40~l:59~t:20,atlanta-dream,https://a.espncdn.com/i/teamlogos/wnba/500/atl.png,ATL,e31837,5091cc,away,TRUE,91,8,Lynx,Minnesota,Minnesota Lynx,MIN,https://a.espncdn.com/i/teamlogos/wnba/500/min.png,266092,79bc43,90
401856899,2026,2,2026-05-09,2026-05-10T00:00:00Z,4398674,Rhyne Howard,20,Dream,Atlanta,Dream,38,4,10,3,7,4,5,1,5,6,5,3,1,3,4,+5,15,TRUE,FALSE,FALSE,COACH'S DECISION,TRUE,10,R. Howard,https://a.espncdn.com/i/headshots/wnba/players/full/4398674.png,Guard,G,Atlanta Dream,s:40~l:59~t:20,atlanta-dream,https://a.espncdn.com/i/teamlogos/wnba/500/atl.png,ATL,e31837,5091cc,away,TRUE,91,8,Lynx,Minnesota,Minnesota Lynx,MIN,https://a.espncdn.com/i/teamlogos/wnba/500/min.png,266092,79bc43,90
401856899,2026,2,2026-05-09,2026-05-10T00:00:00Z,5017721,Sika Kone,20,Dream,Atlanta,Dream,3,0,1,0,1,0,0,0,0,0,0,0,0,0,0,-6,0,FALSE,FALSE,FALSE,COACH'S DECISION,FALSE,23,S. Kone,https://a.espncdn.com/i/headshots/wnba/players/full/5017721.png,Forward,F,Atlanta Dream,s:40~l:59~t:20,atlanta-dream,https://a.espncdn.com/i/teamlogos/wnba/500/atl.png,ATL,e31837,5091cc,away,TRUE,91,8,Lynx,Minnesota,Minnesota Lynx,MIN,https://a.espncdn.com/i/teamlogos/wnba/500/min.png,266092,79bc43,90
401856899,2026,2,2026-05-09,2026-05-10T00:00:00Z,5108587,Madina Okot,20,Dream,Atlanta,Dream,10,3,6,0,1,2,2,2,2,4,0,1,0,1,2,+2,8,FALSE,FALSE,FALSE,COACH'S DECISION,FALSE,11,M. Okot,,Center,C,Atlanta Dream,s:40~l:59~t:20,atlanta-dream,https://a.espncdn.com/i/teamlogos/wnba/500/atl.png,ATL,e31837,5091cc,away,TRUE,91,8,Lynx,Minnesota,Minnesota Lynx,MIN,https://a.espncdn.com/i/teamlogos/wnba/500/min.png,266092,79bc43,90
401856899,2026,2,2026-05-09,2026-05-10T00:00:00Z,4433431,Te-Hina Paopao,20,Dream,Atlanta,Dream,21,3,10,0,4,0,0,1,4,5,4,0,1,3,5,-7,6,FALSE,FALSE,FALSE,COACH'S DECISION,FALSE,2,T. Paopao,https://a.espncdn.com/i/headshots/wnba/players/full/4433431.png,Guard,G,Atlanta Dream,s:40~l:59~t:20,atlanta-dream,https://a.espncdn.com/i/teamlogos/wnba/500/atl.png,ATL,e31837,5091cc,away,TRUE,91,8,Lynx,Minnesota,Minnesota Lynx,MIN,https://a.espncdn.com/i/teamlogos/wnba/500/min.png,266092,79bc43,90
401856899,2026,2,2026-05-09,2026-05-10T00:00:00Z,5208983,Isobel Borlase,20,Dream,Atlanta,Dream,3,0,0,0,0,0,0,0,0,0,0,0,0,0,0,-12,0,FALSE,FALSE,FALSE,COACH'S DECISION,FALSE,20,I. Borlase,,Guard,G,Atlanta Dream,s:40~l:59~t:20,atlanta-dream,https://a.espncdn.com/i/teamlogos/wnba/500/atl.png,ATL,e31837,5091cc,away,TRUE,91,8,Lynx,Minnesota,Minnesota Lynx,MIN,https://a.espncdn.com/i/teamlogos/wnba/500/min.png,266092,79bc43,90
401856899,2026,2,2026-05-09,2026-05-10T00:00:00Z,3058895,Brionna Jones,20,Dream,Atlanta,Dream,,,,,,,,,,,,,,,,,,FALSE,FALSE,TRUE,RIGHT KNEE,FALSE,42,B. Jones,https://a.espncdn.com/i/headshots/wnba/players/full/3058895.png,Forward,F,Atlanta Dream,s:40~l:59~t:20,atlanta-dream,https://a.espncdn.com/i/teamlogos/wnba/500/atl.png,ATL,e31837,5091cc,away,TRUE,91,8,Lynx,Minnesota,Minnesota Lynx,MIN,https://a.espncdn.com/i/teamlogos/wnba/500/min.png,266092,79bc43,90
401856899,2026,2,2026-05-09,2026-05-10T00:00:00Z,4597509,Aaliyah Nye,20,Dream,Atlanta,Dream,,,,,,,,,,,,,,,,,,FALSE,FALSE,TRUE,NOT WITH TEAM,FALSE,13,A. Nye,https://a.espncdn.com/i/headshots/wnba/players/full/4597509.png,Guard,G,Atlanta Dream,s:40~l:59~t:20,atlanta-dream,https://a.espncdn.com/i/teamlogos/wnba/500/atl.png,ATL,e31837,5091cc,away,TRUE,91,8,Lynx,Minnesota,Minnesota Lynx,MIN,https://a.espncdn.com/i/teamlogos/wnba/500/min.png,266092,79bc43,90
401856899,2026,2,2026-05-09,2026-05-10T00:00:00Z,5105740,Indya Nivar,20,Dream,Atlanta,Dream,,,,,,,,,,,,,,,,,,FALSE,FALSE,TRUE,COACH'S DECISION,FALSE,21,I. Nivar,,Guard,G,Atlanta Dream,s:40~l:59~t:20,atlanta-dream,https://a.espncdn.com/i/teamlogos/wnba/500/atl.png,ATL,e31837,5091cc,away,TRUE,91,8,Lynx,Minnesota,Minnesota Lynx,MIN,https://a.espncdn.com/i/teamlogos/wnba/500/min.png,266092,79bc43,90
401856899,2026,2,2026-05-09,2026-05-10T00:00:00Z,2529130,Natasha Howard,8,Lynx,Minnesota,Lynx,20,3,6,0,1,0,4,4,1,5,2,1,0,5,6,+3,6,TRUE,FALSE,FALSE,COACH'S DECISION,FALSE,1,N. Howard,https://a.espncdn.com/i/headshots/wnba/players/full/2529130.png,Forward,F,Minnesota Lynx,s:40~l:59~t:8,minnesota-lynx,https://a.espncdn.com/i/teamlogos/wnba/500/min.png,MIN,266092,79bc43,home,FALSE,90,20,Dream,Atlanta,Atlanta Dream,ATL,https://a.espncdn.com/i/teamlogos/wnba/500/atl.png,e31837,5091cc,91
401856899,2026,2,2026-05-09,2026-05-10T00:00:00Z,3054590,Nia Coffey,8,Lynx,Minnesota,Lynx,31,1,4,1,3,0,0,0,3,3,1,1,3,0,2,-8,3,TRUE,FALSE,FALSE,COACH'S DECISION,TRUE,12,N. Coffey,https://a.espncdn.com/i/headshots/wnba/players/full/3054590.png,Forward,F,Minnesota Lynx,s:40~l:59~t:8,minnesota-lynx,https://a.espncdn.com/i/teamlogos/wnba/500/min.png,MIN,266092,79bc43,home,FALSE,90,20,Dream,Atlanta,Atlanta Dream,ATL,https://a.espncdn.com/i/teamlogos/wnba/500/atl.png,e31837,5091cc,91
401856899,2026,2,2026-05-09,2026-05-10T00:00:00Z,2529205,Kayla McBride,8,Lynx,Minnesota,Lynx,33,7,13,2,6,4,5,0,2,2,2,1,0,1,0,-6,20,TRUE,FALSE,FALSE,COACH'S DECISION,TRUE,21,K. McBride,https://a.espncdn.com/i/headshots/wnba/players/full/2529205.png,Guard,G,Minnesota Lynx,s:40~l:59~t:8,minnesota-lynx,https://a.espncdn.com/i/teamlogos/wnba/500/min.png,MIN,266092,79bc43,home,FALSE,90,20,Dream,Atlanta,Atlanta Dream,ATL,https://a.espncdn.com/i/teamlogos/wnba/500/atl.png,e31837,5091cc,91
401856899,2026,2,2026-05-09,2026-05-10T00:00:00Z,2987891,Courtney Williams,8,Lynx,Minnesota,Lynx,32,7,18,0,4,0,0,0,6,6,6,3,0,2,1,-8,14,TRUE,FALSE,FALSE,COACH'S DECISION,TRUE,10,C. Williams,https://a.espncdn.com/i/headshots/wnba/players/full/2987891.png,Guard,G,Minnesota Lynx,s:40~l:59~t:8,minnesota-lynx,https://a.espncdn.com/i/teamlogos/wnba/500/min.png,MIN,266092,79bc43,home,FALSE,90,20,Dream,Atlanta,Atlanta Dream,ATL,https://a.espncdn.com/i/teamlogos/wnba/500/atl.png,e31837,5091cc,91
401856899,2026,2,2026-05-09,2026-05-10T00:00:00Z,4433791,Olivia Miles,8,Lynx,Minnesota,Lynx,34,6,14,1,2,8,8,0,3,3,8,2,2,3,3,0,21,TRUE,FALSE,FALSE,COACH'S DECISION,TRUE,5,O. Miles,https://a.espncdn.com/i/headshots/wnba/players/full/4433791.png,Guard,G,Minnesota Lynx,s:40~l:59~t:8,minnesota-lynx,https://a.espncdn.com/i/teamlogos/wnba/500/min.png,MIN,266092,79bc43,home,FALSE,90,20,Dream,Atlanta,Atlanta Dream,ATL,https://a.espncdn.com/i/teamlogos/wnba/500/atl.png,e31837,5091cc,91
401856899,2026,2,2026-05-09,2026-05-10T00:00:00Z,4873358,Antonia Delaere,8,Lynx,Minnesota,Lynx,14,1,2,0,1,0,0,0,0,0,1,1,0,1,2,+6,2,FALSE,FALSE,FALSE,COACH'S DECISION,FALSE,8,A. Delaere,https://a.espncdn.com/i/headshots/wnba/players/full/4873358.png,Forward,F,Minnesota Lynx,s:40~l:59~t:8,minnesota-lynx,https://a.espncdn.com/i/teamlogos/wnba/500/min.png,MIN,266092,79bc43,home,FALSE,90,20,Dream,Atlanta,Atlanta Dream,ATL,https://a.espncdn.com/i/teamlogos/wnba/500/atl.png,e31837,5091cc,91
401856899,2026,2,2026-05-09,2026-05-10T00:00:00Z,5278237,Anastasiia Olairi Kosu,8,Lynx,Minnesota,Lynx,6,2,4,0,0,0,0,1,0,1,0,1,1,0,1,+6,4,FALSE,FALSE,FALSE,COACH'S DECISION,FALSE,7,A. Kosu,https://a.espncdn.com/i/headshots/wnba/players/full/5278237.png,Forward,F,Minnesota Lynx,s:40~l:59~t:8,minnesota-lynx,https://a.espncdn.com/i/teamlogos/wnba/500/min.png,MIN,266092,79bc43,home,FALSE,90,20,Dream,Atlanta,Atlanta Dream,ATL,https://a.espncdn.com/i/teamlogos/wnba/500/atl.png,e31837,5091cc,91
401856899,2026,2,2026-05-09,2026-05-10T00:00:00Z,5345322,Emma Cechova,8,Lynx,Minnesota,Lynx,19,5,5,0,0,2,4,1,2,3,0,0,1,2,6,+1,12,FALSE,FALSE,FALSE,COACH'S DECISION,FALSE,22,E. Cechova,,Forward,F,Minnesota Lynx,s:40~l:59~t:8,minnesota-lynx,https://a.espncdn.com/i/teamlogos/wnba/500/min.png,MIN,266092,79bc43,home,FALSE,90,20,Dream,Atlanta,Atlanta Dream,ATL,https://a.espncdn.com/i/teamlogos/wnba/500/atl.png,e31837,5091cc,91
401856899,2026,2,2026-05-09,2026-05-10T00:00:00Z,3913680,Emese Hof,8,Lynx,Minnesota,Lynx,4,1,2,0,0,0,0,0,0,0,0,0,0,0,1,-4,2,FALSE,FALSE,FALSE,COACH'S DECISION,TRUE,25,E. Hof,,Center,C,Minnesota Lynx,s:40~l:59~t:8,minnesota-lynx,https://a.espncdn.com/i/teamlogos/wnba/500/min.png,MIN,266092,79bc43,home,FALSE,90,20,Dream,Atlanta,Atlanta Dream,ATL,https://a.espncdn.com/i/teamlogos/wnba/500/atl.png,e31837,5091cc,91
401856899,2026,2,2026-05-09,2026-05-10T00:00:00Z,4280850,Maya Caldwell,8,Lynx,Minnesota,Lynx,8,2,2,1,1,1,1,1,1,2,0,0,0,1,2,+5,6,FALSE,FALSE,FALSE,COACH'S DECISION,FALSE,3,M. Caldwell,https://a.espncdn.com/i/headshots/wnba/players/full/4280850.png,Guard,G,Minnesota Lynx,s:40~l:59~t:8,minnesota-lynx,https://a.espncdn.com/i/teamlogos/wnba/500/min.png,MIN,266092,79bc43,home,FALSE,90,20,Dream,Atlanta,Atlanta Dream,ATL,https://a.espncdn.com/i/teamlogos/wnba/500/atl.png,e31837,5091cc,91
401856899,2026,2,2026-05-09,2026-05-10T00:00:00Z,3917450,Napheesa Collier,8,Lynx,Minnesota,Lynx,,,,,,,,,,,,,,,,,,FALSE,FALSE,TRUE,LEFT ANKLE,FALSE,24,N. Collier,https://a.espncdn.com/i/headshots/wnba/players/full/3917450.png,Forward,F,Minnesota Lynx,s:40~l:59~t:8,minnesota-lynx,https://a.espncdn.com/i/teamlogos/wnba/500/min.png,MIN,266092,79bc43,home,FALSE,90,20,Dream,Atlanta,Atlanta Dream,ATL,https://a.espncdn.com/i/teamlogos/wnba/500/atl.png,e31837,5091cc,91
401856899,2026,2,2026-05-09,2026-05-10T00:00:00Z,4398938,Dorka Juhasz,8,Lynx,Minnesota,Lynx,,,,,,,,,,,,,,,,,,FALSE,FALSE,TRUE,RIGHT FOOT,FALSE,14,D. Juhasz,https://a.espncdn.com/i/headshots/wnba/players/full/4398938.png,Forward,F,Minnesota Lynx,s:40~l:59~t:8,minnesota-lynx,https://a.espncdn.com/i/teamlogos/wnba/500/min.png,MIN,266092,79bc43,home,FALSE,90,20,Dream,Atlanta,Atlanta Dream,ATL,https://a.espncdn.com/i/teamlogos/wnba/500/atl.png,e31837,5091cc,91
401856899,2026,2,2026-05-09,2026-05-10T00:00:00Z,5345478,Eliska Hamzova,8,Lynx,Minnesota,Lynx,,,,,,,,,,,,,,,,,,FALSE,FALSE,TRUE,COACH'S DECISION,FALSE,11,E. Hamzova,,Guard,G,Minnesota Lynx,s:40~l:59~t:8,minnesota-lynx,https://a.espncdn.com/i/teamlogos/wnba/500/min.png,MIN,266092,79bc43,home,FALSE,90,20,Dream,Atlanta,Atlanta Dream,ATL,https://a.espncdn.com/i/teamlogos/wnba/500/atl.png,e31837,5091cc,91
401856894,2026,2,2026-05-09,2026-05-09T19:30:00Z,869,DeWanna Bonner,11,Mercury,Phoenix,Mercury,22,5,7,3,4,0,0,0,7,7,2,1,2,0,2,+31,13,TRUE,FALSE,FALSE,COACH'S DECISION,FALSE,24,D. Bonner,https://a.espncdn.com/i/headshots/wnba/players/full/869.png,Forward,F,Phoenix Mercury,s:40~l:59~t:11,phoenix-mercury,https://a.espncdn.com/i/teamlogos/wnba/500/phx.png,PHX,3c286e,fa4b0a,away,TRUE,99,17,Aces,Las Vegas,Las Vegas Aces,LV,https://a.espncdn.com/i/teamlogos/wnba/500/lv.png,a7a8aa,000000,66
401856894,2026,2,2026-05-09,2026-05-09T19:30:00Z,2529140,Alyssa Thomas,11,Mercury,Phoenix,Mercury,26,9,17,0,0,2,4,1,5,6,9,3,0,1,1,+25,20,TRUE,FALSE,FALSE,COACH'S DECISION,FALSE,25,A. Thomas,https://a.espncdn.com/i/headshots/wnba/players/full/2529140.png,Forward,F,Phoenix Mercury,s:40~l:59~t:11,phoenix-mercury,https://a.espncdn.com/i/teamlogos/wnba/500/phx.png,PHX,3c286e,fa4b0a,away,TRUE,99,17,Aces,Las Vegas,Las Vegas Aces,LV,https://a.espncdn.com/i/teamlogos/wnba/500/lv.png,a7a8aa,000000,66
401856894,2026,2,2026-05-09,2026-05-09T19:30:00Z,4068042,Natasha Mack,11,Mercury,Phoenix,Mercury,25,4,5,0,0,2,2,5,10,15,1,1,1,0,2,+34,10,TRUE,FALSE,FALSE,COACH'S DECISION,FALSE,4,N. Mack,https://a.espncdn.com/i/headshots/wnba/players/full/4068042.png,Forward,F,Phoenix Mercury,s:40~l:59~t:11,phoenix-mercury,https://a.espncdn.com/i/teamlogos/wnba/500/phx.png,PHX,3c286e,fa4b0a,away,TRUE,99,17,Aces,Las Vegas,Las Vegas Aces,LV,https://a.espncdn.com/i/teamlogos/wnba/500/lv.png,a7a8aa,000000,66
401856894,2026,2,2026-05-09,2026-05-09T19:30:00Z,2998938,Kahleah Copper,11,Mercury,Phoenix,Mercury,28,6,16,0,5,1,1,0,0,0,2,0,0,4,2,+29,13,TRUE,FALSE,FALSE,COACH'S DECISION,FALSE,2,K. Copper,https://a.espncdn.com/i/headshots/wnba/players/full/2998938.png,Guard,G,Phoenix Mercury,s:40~l:59~t:11,phoenix-mercury,https://a.espncdn.com/i/teamlogos/wnba/500/phx.png,PHX,3c286e,fa4b0a,away,TRUE,99,17,Aces,Las Vegas,Las Vegas Aces,LV,https://a.espncdn.com/i/teamlogos/wnba/500/lv.png,a7a8aa,000000,66
401856894,2026,2,2026-05-09,2026-05-09T19:30:00Z,3906769,Jovana Nogic,11,Mercury,Phoenix,Mercury,21,5,8,4,5,5,5,0,0,0,4,2,0,1,1,+26,19,TRUE,FALSE,FALSE,COACH'S DECISION,FALSE,29,J. Nogic,,Guard,G,Phoenix Mercury,s:40~l:59~t:11,phoenix-mercury,https://a.espncdn.com/i/teamlogos/wnba/500/phx.png,PHX,3c286e,fa4b0a,away,TRUE,99,17,Aces,Las Vegas,Las Vegas Aces,LV,https://a.espncdn.com/i/teamlogos/wnba/500/lv.png,a7a8aa,000000,66
401856894,2026,2,2026-05-09,2026-05-09T19:30:00Z,4068104,Peyton Williams,11,Mercury,Phoenix,Mercury,6,0,1,0,0,0,0,0,0,0,2,0,1,0,0,-1,0,FALSE,FALSE,FALSE,COACH'S DECISION,TRUE,16,P. Williams,,Forward,F,Phoenix Mercury,s:40~l:59~t:11,phoenix-mercury,https://a.espncdn.com/i/teamlogos/wnba/500/phx.png,PHX,3c286e,fa4b0a,away,TRUE,99,17,Aces,Las Vegas,Las Vegas Aces,LV,https://a.espncdn.com/i/teamlogos/wnba/500/lv.png,a7a8aa,000000,66
401856894,2026,2,2026-05-09,2026-05-09T19:30:00Z,4281930,Anneli Maley,11,Mercury,Phoenix,Mercury,6,0,2,0,0,1,2,0,2,2,0,0,0,0,1,-1,1,FALSE,FALSE,FALSE,COACH'S DECISION,TRUE,15,A. Maley,https://a.espncdn.com/i/headshots/wnba/players/full/4281930.png,Forward,F,Phoenix Mercury,s:40~l:59~t:11,phoenix-mercury,https://a.espncdn.com/i/teamlogos/wnba/500/phx.png,PHX,3c286e,fa4b0a,away,TRUE,99,17,Aces,Las Vegas,Las Vegas Aces,LV,https://a.espncdn.com/i/teamlogos/wnba/500/lv.png,a7a8aa,000000,66
401856894,2026,2,2026-05-09,2026-05-09T19:30:00Z,5345524,Noemie Brochant,11,Mercury,Phoenix,Mercury,18,3,6,1,1,1,1,0,3,3,0,0,0,0,0,+9,8,FALSE,FALSE,FALSE,COACH'S DECISION,TRUE,1,N. Brochant,,Forward,F,Phoenix Mercury,s:40~l:59~t:11,phoenix-mercury,https://a.espncdn.com/i/teamlogos/wnba/500/phx.png,PHX,3c286e,fa4b0a,away,TRUE,99,17,Aces,Las Vegas,Las Vegas Aces,LV,https://a.espncdn.com/i/teamlogos/wnba/500/lv.png,a7a8aa,000000,66
401856894,2026,2,2026-05-09,2026-05-09T19:30:00Z,4873359,Kyara Linskens,11,Mercury,Phoenix,Mercury,14,1,4,0,1,0,0,1,1,2,1,2,0,0,0,+5,2,FALSE,FALSE,FALSE,COACH'S DECISION,FALSE,31,K. Linskens,https://a.espncdn.com/i/headshots/wnba/players/full/4873359.png,Center,C,Phoenix Mercury,s:40~l:59~t:11,phoenix-mercury,https://a.espncdn.com/i/teamlogos/wnba/500/phx.png,PHX,3c286e,fa4b0a,away,TRUE,99,17,Aces,Las Vegas,Las Vegas Aces,LV,https://a.espncdn.com/i/teamlogos/wnba/500/lv.png,a7a8aa,000000,66
401856894,2026,2,2026-05-09,2026-05-09T19:30:00Z,4282168,Kiana Williams,11,Mercury,Phoenix,Mercury,21,4,9,3,7,0,0,0,1,1,1,2,0,1,0,+9,11,FALSE,FALSE,FALSE,COACH'S DECISION,TRUE,23,K. Williams,https://a.espncdn.com/i/headshots/wnba/players/full/4282168.png,Guard,G,Phoenix Mercury,s:40~l:59~t:11,phoenix-mercury,https://a.espncdn.com/i/teamlogos/wnba/500/phx.png,PHX,3c286e,fa4b0a,away,TRUE,99,17,Aces,Las Vegas,Las Vegas Aces,LV,https://a.espncdn.com/i/teamlogos/wnba/500/lv.png,a7a8aa,000000,66
401856894,2026,2,2026-05-09,2026-05-09T19:30:00Z,5107404,Sha Carter,11,Mercury,Phoenix,Mercury,12,1,2,0,1,0,0,0,1,1,1,0,0,0,1,-1,2,FALSE,FALSE,FALSE,COACH'S DECISION,TRUE,20,S. Carter,,Guard,G,Phoenix Mercury,s:40~l:59~t:11,phoenix-mercury,https://a.espncdn.com/i/teamlogos/wnba/500/phx.png,PHX,3c286e,fa4b0a,away,TRUE,99,17,Aces,Las Vegas,Las Vegas Aces,LV,https://a.espncdn.com/i/teamlogos/wnba/500/lv.png,a7a8aa,000000,66
401856894,2026,2,2026-05-09,2026-05-09T19:30:00Z,3099736,Stephanie Talbot,17,Aces,Las Vegas,Aces,19,1,6,0,4,0,0,0,2,2,0,0,0,1,0,-19,2,TRUE,FALSE,FALSE,COACH'S DECISION,TRUE,7,S. Talbot,https://a.espncdn.com/i/headshots/wnba/players/full/3099736.png,Forward,F,Las Vegas Aces,s:40~l:59~t:17,las-vegas-aces,https://a.espncdn.com/i/teamlogos/wnba/500/lv.png,LV,a7a8aa,000000,home,FALSE,66,11,Mercury,Phoenix,Phoenix Mercury,PHX,https://a.espncdn.com/i/teamlogos/wnba/500/phx.png,3c286e,fa4b0a,99
401856894,2026,2,2026-05-09,2026-05-09T19:30:00Z,4398776,NaLyssa Smith,17,Aces,Las Vegas,Aces,21,4,7,0,0,3,6,2,4,6,1,0,2,0,3,-16,11,TRUE,FALSE,FALSE,COACH'S DECISION,TRUE,3,N. Smith,https://a.espncdn.com/i/headshots/wnba/players/full/4398776.png,Forward,F,Las Vegas Aces,s:40~l:59~t:17,las-vegas-aces,https://a.espncdn.com/i/teamlogos/wnba/500/lv.png,LV,a7a8aa,000000,home,FALSE,66,11,Mercury,Phoenix,Phoenix Mercury,PHX,https://a.espncdn.com/i/teamlogos/wnba/500/phx.png,3c286e,fa4b0a,99
401856894,2026,2,2026-05-09,2026-05-09T19:30:00Z,3149391,A'ja Wilson,17,Aces,Las Vegas,Aces,24,8,15,2,3,1,2,1,3,4,4,2,2,2,0,-22,19,TRUE,FALSE,FALSE,COACH'S DECISION,FALSE,22,A. Wilson,https://a.espncdn.com/i/headshots/wnba/players/full/3149391.png,Center,C,Las Vegas Aces,s:40~l:59~t:17,las-vegas-aces,https://a.espncdn.com/i/teamlogos/wnba/500/lv.png,LV,a7a8aa,000000,home,FALSE,66,11,Mercury,Phoenix,Phoenix Mercury,PHX,https://a.espncdn.com/i/teamlogos/wnba/500/phx.png,3c286e,fa4b0a,99
401856894,2026,2,2026-05-09,2026-05-09T19:30:00Z,2529122,Chelsea Gray,17,Aces,Las Vegas,Aces,22,2,6,0,2,0,0,1,0,1,6,0,2,3,1,-24,4,TRUE,FALSE,FALSE,COACH'S DECISION,FALSE,12,C. Gray,https://a.espncdn.com/i/headshots/wnba/players/full/2529122.png,Guard,G,Las Vegas Aces,s:40~l:59~t:17,las-vegas-aces,https://a.espncdn.com/i/teamlogos/wnba/500/lv.png,LV,a7a8aa,000000,home,FALSE,66,11,Mercury,Phoenix,Phoenix Mercury,PHX,https://a.espncdn.com/i/teamlogos/wnba/500/phx.png,3c286e,fa4b0a,99
401856894,2026,2,2026-05-09,2026-05-09T19:30:00Z,4065870,Jackie Young,17,Aces,Las Vegas,Aces,25,5,15,2,6,0,0,0,6,6,3,0,0,2,1,-24,12,TRUE,FALSE,FALSE,COACH'S DECISION,FALSE,0,J. Young,https://a.espncdn.com/i/headshots/wnba/players/full/4065870.png,Guard,G,Las Vegas Aces,s:40~l:59~t:17,las-vegas-aces,https://a.espncdn.com/i/teamlogos/wnba/500/lv.png,LV,a7a8aa,000000,home,FALSE,66,11,Mercury,Phoenix,Phoenix Mercury,PHX,https://a.espncdn.com/i/teamlogos/wnba/500/phx.png,3c286e,fa4b0a,99
401856894,2026,2,2026-05-09,2026-05-09T19:30:00Z,2529458,Cheyenne Parker-Tyus,17,Aces,Las Vegas,Aces,12,1,3,0,1,0,0,0,4,4,0,0,0,2,2,-8,2,FALSE,FALSE,FALSE,COACH'S DECISION,FALSE,32,C. Parker-Tyus,https://a.espncdn.com/i/headshots/wnba/players/full/2529458.png,Forward,F,Las Vegas Aces,s:40~l:59~t:17,las-vegas-aces,https://a.espncdn.com/i/teamlogos/wnba/500/lv.png,LV,a7a8aa,000000,home,FALSE,66,11,Mercury,Phoenix,Phoenix Mercury,PHX,https://a.espncdn.com/i/teamlogos/wnba/500/phx.png,3c286e,fa4b0a,99
401856894,2026,2,2026-05-09,2026-05-09T19:30:00Z,3142086,Brianna Turner,17,Aces,Las Vegas,Aces,14,0,0,0,0,0,0,2,1,3,0,0,1,1,0,-7,0,FALSE,FALSE,FALSE,COACH'S DECISION,TRUE,21,B. Turner,https://a.espncdn.com/i/headshots/wnba/players/full/3142086.png,Forward,F,Las Vegas Aces,s:40~l:59~t:17,las-vegas-aces,https://a.espncdn.com/i/teamlogos/wnba/500/lv.png,LV,a7a8aa,000000,home,FALSE,66,11,Mercury,Phoenix,Phoenix Mercury,PHX,https://a.espncdn.com/i/teamlogos/wnba/500/phx.png,3c286e,fa4b0a,99
401856894,2026,2,2026-05-09,2026-05-09T19:30:00Z,4433633,Kierstan Bell,17,Aces,Las Vegas,Aces,19,0,4,0,1,0,0,0,6,6,1,1,0,2,1,-14,0,FALSE,FALSE,FALSE,COACH'S DECISION,TRUE,1,K. Bell,https://a.espncdn.com/i/headshots/wnba/players/full/4433633.png,Forward,F,Las Vegas Aces,s:40~l:59~t:17,las-vegas-aces,https://a.espncdn.com/i/teamlogos/wnba/500/lv.png,LV,a7a8aa,000000,home,FALSE,66,11,Mercury,Phoenix,Phoenix Mercury,PHX,https://a.espncdn.com/i/teamlogos/wnba/500/phx.png,3c286e,fa4b0a,99
401856894,2026,2,2026-05-09,2026-05-09T19:30:00Z,2987869,Jewell Loyd,17,Aces,Las Vegas,Aces,24,3,7,0,2,0,0,0,1,1,2,0,1,1,2,-22,6,FALSE,FALSE,FALSE,COACH'S DECISION,FALSE,24,J. Loyd,https://a.espncdn.com/i/headshots/wnba/players/full/2987869.png,Guard,G,Las Vegas Aces,s:40~l:59~t:17,las-vegas-aces,https://a.espncdn.com/i/teamlogos/wnba/500/lv.png,LV,a7a8aa,000000,home,FALSE,66,11,Mercury,Phoenix,Phoenix Mercury,PHX,https://a.espncdn.com/i/teamlogos/wnba/500/phx.png,3c286e,fa4b0a,99
401856894,2026,2,2026-05-09,2026-05-09T19:30:00Z,4280892,Chennedy Carter,17,Aces,Las Vegas,Aces,19,5,8,0,0,0,0,0,2,2,2,2,0,3,5,-9,10,FALSE,FALSE,FALSE,COACH'S DECISION,TRUE,23,C. Carter,https://a.espncdn.com/i/headshots/wnba/players/full/4280892.png,Guard,G,Las Vegas Aces,s:40~l:59~t:17,las-vegas-aces,https://a.espncdn.com/i/teamlogos/wnba/500/lv.png,LV,a7a8aa,000000,home,FALSE,66,11,Mercury,Phoenix,Phoenix Mercury,PHX,https://a.espncdn.com/i/teamlogos/wnba/500/phx.png,3c286e,fa4b0a,99
401856893,2026,2,2026-05-09,2026-05-09T17:00:00Z,3906949,Jessica Shepard,3,Wings,Dallas,Wings,32,5,8,0,0,3,5,1,8,9,9,2,0,2,5,+5,13,TRUE,FALSE,FALSE,COACH'S DECISION,TRUE,32,J. Shepard,https://a.espncdn.com/i/headshots/wnba/players/full/3906949.png,Forward,F,Dallas Wings,s:40~l:59~t:3,dallas-wings,https://a.espncdn.com/guid/34946ff8-281e-c57d-bb76-37fb1ebe3ec6/logos/default.png,DAL,002b5c,c4d600,away,TRUE,107,5,Fever,Indiana,Indiana Fever,IND,https://a.espncdn.com/i/teamlogos/wnba/500/ind.png,002d62,e03a3e,104
401856893,2026,2,2026-05-09,2026-05-09T17:00:00Z,3913881,Alanna Smith,3,Wings,Dallas,Wings,20,2,6,0,1,2,2,1,2,3,2,2,1,2,4,-7,6,TRUE,FALSE,FALSE,COACH'S DECISION,TRUE,8,A. Smith,https://a.espncdn.com/i/headshots/wnba/players/full/3913881.png,Forward,F,Dallas Wings,s:40~l:59~t:3,dallas-wings,https://a.espncdn.com/guid/34946ff8-281e-c57d-bb76-37fb1ebe3ec6/logos/default.png,DAL,002b5c,c4d600,away,TRUE,107,5,Fever,Indiana,Indiana Fever,IND,https://a.espncdn.com/i/teamlogos/wnba/500/ind.png,002d62,e03a3e,104
401856893,2026,2,2026-05-09,2026-05-09T17:00:00Z,2529047,Odyssey Sims,3,Wings,Dallas,Wings,26,8,11,2,3,2,3,0,2,2,2,2,0,4,5,-10,20,TRUE,FALSE,FALSE,COACH'S DECISION,TRUE,1,O. Sims,https://a.espncdn.com/i/headshots/wnba/players/full/2529047.png,Guard,G,Dallas Wings,s:40~l:59~t:3,dallas-wings,https://a.espncdn.com/guid/34946ff8-281e-c57d-bb76-37fb1ebe3ec6/logos/default.png,DAL,002b5c,c4d600,away,TRUE,107,5,Fever,Indiana,Indiana Fever,IND,https://a.espncdn.com/i/teamlogos/wnba/500/ind.png,002d62,e03a3e,104
401856893,2026,2,2026-05-09,2026-05-09T17:00:00Z,3904577,Arike Ogunbowale,3,Wings,Dallas,Wings,29,8,15,3,7,3,3,0,1,1,5,0,0,3,5,+6,22,TRUE,FALSE,FALSE,COACH'S DECISION,TRUE,24,A. Ogunbowale,https://a.espncdn.com/i/headshots/wnba/players/full/3904577.png,Guard,G,Dallas Wings,s:40~l:59~t:3,dallas-wings,https://a.espncdn.com/guid/34946ff8-281e-c57d-bb76-37fb1ebe3ec6/logos/default.png,DAL,002b5c,c4d600,away,TRUE,107,5,Fever,Indiana,Indiana Fever,IND,https://a.espncdn.com/i/teamlogos/wnba/500/ind.png,002d62,e03a3e,104
401856893,2026,2,2026-05-09,2026-05-09T17:00:00Z,4433730,Paige Bueckers,3,Wings,Dallas,Wings,32,8,10,1,3,3,6,0,3,3,4,1,0,1,2,+8,20,TRUE,FALSE,FALSE,COACH'S DECISION,TRUE,5,P. Bueckers,https://a.espncdn.com/i/headshots/wnba/players/full/4433730.png,Guard,G,Dallas Wings,s:40~l:59~t:3,dallas-wings,https://a.espncdn.com/guid/34946ff8-281e-c57d-bb76-37fb1ebe3ec6/logos/default.png,DAL,002b5c,c4d600,away,TRUE,107,5,Fever,Indiana,Indiana Fever,IND,https://a.espncdn.com/i/teamlogos/wnba/500/ind.png,002d62,e03a3e,104
401856893,2026,2,2026-05-09,2026-05-09T17:00:00Z,924,Alysha Clark,3,Wings,Dallas,Wings,4,1,1,1,1,0,0,0,1,1,0,0,0,1,2,+3,3,FALSE,FALSE,FALSE,COACH'S DECISION,FALSE,7,A. Clark,https://a.espncdn.com/i/headshots/wnba/players/full/924.png,Forward,F,Dallas Wings,s:40~l:59~t:3,dallas-wings,https://a.espncdn.com/guid/34946ff8-281e-c57d-bb76-37fb1ebe3ec6/logos/default.png,DAL,002b5c,c4d600,away,TRUE,107,5,Fever,Indiana,Indiana Fever,IND,https://a.espncdn.com/i/teamlogos/wnba/500/ind.png,002d62,e03a3e,104
401856893,2026,2,2026-05-09,2026-05-09T17:00:00Z,4399415,Maddy Siegrist,3,Wings,Dallas,Wings,18,3,7,1,3,0,0,0,3,3,1,0,0,0,3,+4,7,FALSE,FALSE,FALSE,COACH'S DECISION,FALSE,20,M. Siegrist,https://a.espncdn.com/i/headshots/wnba/players/full/4399415.png,Forward,F,Dallas Wings,s:40~l:59~t:3,dallas-wings,https://a.espncdn.com/guid/34946ff8-281e-c57d-bb76-37fb1ebe3ec6/logos/default.png,DAL,002b5c,c4d600,away,TRUE,107,5,Fever,Indiana,Indiana Fever,IND,https://a.espncdn.com/i/teamlogos/wnba/500/ind.png,002d62,e03a3e,104
401856893,2026,2,2026-05-09,2026-05-09T17:00:00Z,4790266,Awak Kuier,3,Wings,Dallas,Wings,2,0,0,0,0,0,0,0,1,1,1,1,0,0,0,+1,0,FALSE,FALSE,FALSE,COACH'S DECISION,FALSE,34,A. Kuier,https://a.espncdn.com/i/headshots/wnba/players/full/4790266.png,Forward,F,Dallas Wings,s:40~l:59~t:3,dallas-wings,https://a.espncdn.com/guid/34946ff8-281e-c57d-bb76-37fb1ebe3ec6/logos/default.png,DAL,002b5c,c4d600,away,TRUE,107,5,Fever,Indiana,Indiana Fever,IND,https://a.espncdn.com/i/teamlogos/wnba/500/ind.png,002d62,e03a3e,104
401856893,2026,2,2026-05-09,2026-05-09T17:00:00Z,4336633,Li Yueru,3,Wings,Dallas,Wings,4,0,1,0,0,3,4,0,1,1,0,0,0,0,0,0,3,FALSE,FALSE,FALSE,COACH'S DECISION,FALSE,28,L. Yueru,https://a.espncdn.com/i/headshots/wnba/players/full/4336633.png,Center,C,Dallas Wings,s:40~l:59~t:3,dallas-wings,https://a.espncdn.com/guid/34946ff8-281e-c57d-bb76-37fb1ebe3ec6/logos/default.png,DAL,002b5c,c4d600,away,TRUE,107,5,Fever,Indiana,Indiana Fever,IND,https://a.espncdn.com/i/teamlogos/wnba/500/ind.png,002d62,e03a3e,104
401856893,2026,2,2026-05-09,2026-05-09T17:00:00Z,4433790,Azzi Fudd,3,Wings,Dallas,Wings,18,1,2,1,2,0,0,1,0,1,0,1,0,0,0,-1,3,FALSE,FALSE,FALSE,COACH'S DECISION,FALSE,35,A. Fudd,https://a.espncdn.com/i/headshots/wnba/players/full/4433790.png,Guard,G,Dallas Wings,s:40~l:59~t:3,dallas-wings,https://a.espncdn.com/guid/34946ff8-281e-c57d-bb76-37fb1ebe3ec6/logos/default.png,DAL,002b5c,c4d600,away,TRUE,107,5,Fever,Indiana,Indiana Fever,IND,https://a.espncdn.com/i/teamlogos/wnba/500/ind.png,002d62,e03a3e,104
401856893,2026,2,2026-05-09,2026-05-09T17:00:00Z,4433807,Aziaha James,3,Wings,Dallas,Wings,16,3,5,3,3,1,1,0,2,2,2,0,1,2,2,+6,10,FALSE,FALSE,FALSE,COACH'S DECISION,FALSE,10,A. James,https://a.espncdn.com/i/headshots/wnba/players/full/4433807.png,Guard,G,Dallas Wings,s:40~l:59~t:3,dallas-wings,https://a.espncdn.com/guid/34946ff8-281e-c57d-bb76-37fb1ebe3ec6/logos/default.png,DAL,002b5c,c4d600,away,TRUE,107,5,Fever,Indiana,Indiana Fever,IND,https://a.espncdn.com/i/teamlogos/wnba/500/ind.png,002d62,e03a3e,104
401856893,2026,2,2026-05-09,2026-05-09T17:00:00Z,4594527,Dulcy Fankam Mendjiadeu,3,Wings,Dallas,Wings,,,,,,,,,,,,,,,,,,FALSE,FALSE,TRUE,COACH'S DECISION,FALSE,12,D. Fankam Mendjiadeu,https://a.espncdn.com/i/headshots/wnba/players/full/4594527.png,Forward,F,Dallas Wings,s:40~l:59~t:3,dallas-wings,https://a.espncdn.com/guid/34946ff8-281e-c57d-bb76-37fb1ebe3ec6/logos/default.png,DAL,002b5c,c4d600,away,TRUE,107,5,Fever,Indiana,Indiana Fever,IND,https://a.espncdn.com/i/teamlogos/wnba/500/ind.png,002d62,e03a3e,104
401856893,2026,2,2026-05-09,2026-05-09T17:00:00Z,4434015,JJ Quinerly,3,Wings,Dallas,Wings,,,,,,,,,,,,,,,,,,FALSE,FALSE,TRUE,COACH'S DECISION,FALSE,11,J. Quinerly,https://a.espncdn.com/i/headshots/wnba/players/full/4434015.png,Guard,G,Dallas Wings,s:40~l:59~t:3,dallas-wings,https://a.espncdn.com/guid/34946ff8-281e-c57d-bb76-37fb1ebe3ec6/logos/default.png,DAL,002b5c,c4d600,away,TRUE,107,5,Fever,Indiana,Indiana Fever,IND,https://a.espncdn.com/i/teamlogos/wnba/500/ind.png,002d62,e03a3e,104
401856893,2026,2,2026-05-09,2026-05-09T17:00:00Z,3142055,Myisha Hines-Allen,5,Fever,Indiana,Fever,21,3,7,0,1,0,0,1,5,6,2,0,0,2,2,+2,6,TRUE,FALSE,FALSE,COACH'S DECISION,FALSE,2,M. Hines-Allen,https://a.espncdn.com/i/headshots/wnba/players/full/3142055.png,Forward,F,Indiana Fever,s:40~l:59~t:5,indiana-fever,https://a.espncdn.com/i/teamlogos/wnba/500/ind.png,IND,002d62,e03a3e,home,FALSE,104,3,Wings,Dallas,Dallas Wings,DAL,https://a.espncdn.com/guid/34946ff8-281e-c57d-bb76-37fb1ebe3ec6/logos/default.png,002b5c,c4d600,107
401856893,2026,2,2026-05-09,2026-05-09T17:00:00Z,4432831,Aliyah Boston,5,Fever,Indiana,Fever,26,9,14,1,2,4,6,2,2,4,3,3,1,1,2,0,23,TRUE,FALSE,FALSE,COACH'S DECISION,TRUE,7,A. Boston,https://a.espncdn.com/i/headshots/wnba/players/full/4432831.png,Center,C,Indiana Fever,s:40~l:59~t:5,indiana-fever,https://a.espncdn.com/i/teamlogos/wnba/500/ind.png,IND,002d62,e03a3e,home,FALSE,104,3,Wings,Dallas,Dallas Wings,DAL,https://a.espncdn.com/guid/34946ff8-281e-c57d-bb76-37fb1ebe3ec6/logos/default.png,002b5c,c4d600,107
401856893,2026,2,2026-05-09,2026-05-09T17:00:00Z,3142191,Kelsey Mitchell,5,Fever,Indiana,Fever,33,11,22,2,9,6,7,3,0,3,4,0,0,2,4,-5,30,TRUE,FALSE,FALSE,COACH'S DECISION,TRUE,0,K. Mitchell,https://a.espncdn.com/i/headshots/wnba/players/full/3142191.png,Guard,G,Indiana Fever,s:40~l:59~t:5,indiana-fever,https://a.espncdn.com/i/teamlogos/wnba/500/ind.png,IND,002d62,e03a3e,home,FALSE,104,3,Wings,Dallas,Dallas Wings,DAL,https://a.espncdn.com/guid/34946ff8-281e-c57d-bb76-37fb1ebe3ec6/logos/default.png,002b5c,c4d600,107
401856893,2026,2,2026-05-09,2026-05-09T17:00:00Z,3907781,Sophie Cunningham,5,Fever,Indiana,Fever,26,1,2,1,1,0,0,1,3,4,3,0,0,0,3,-5,3,TRUE,FALSE,FALSE,COACH'S DECISION,TRUE,8,S. Cunningham,https://a.espncdn.com/i/headshots/wnba/players/full/3907781.png,Guard,G,Indiana Fever,s:40~l:59~t:5,indiana-fever,https://a.espncdn.com/i/teamlogos/wnba/500/ind.png,IND,002d62,e03a3e,home,FALSE,104,3,Wings,Dallas,Dallas Wings,DAL,https://a.espncdn.com/guid/34946ff8-281e-c57d-bb76-37fb1ebe3ec6/logos/default.png,002b5c,c4d600,107
401856893,2026,2,2026-05-09,2026-05-09T17:00:00Z,4433403,Caitlin Clark,5,Fever,Indiana,Fever,31,7,18,2,9,4,4,0,5,5,7,0,0,5,4,+2,20,TRUE,FALSE,FALSE,COACH'S DECISION,TRUE,22,C. Clark,https://a.espncdn.com/i/headshots/wnba/players/full/4433403.png,Guard,G,Indiana Fever,s:40~l:59~t:5,indiana-fever,https://a.espncdn.com/i/teamlogos/wnba/500/ind.png,IND,002d62,e03a3e,home,FALSE,104,3,Wings,Dallas,Dallas Wings,DAL,https://a.espncdn.com/guid/34946ff8-281e-c57d-bb76-37fb1ebe3ec6/logos/default.png,002b5c,c4d600,107
401856893,2026,2,2026-05-09,2026-05-09T17:00:00Z,4433546,Makayla Timpson,5,Fever,Indiana,Fever,19,5,6,0,0,1,2,0,2,2,1,0,0,0,2,-2,11,FALSE,FALSE,FALSE,COACH'S DECISION,FALSE,21,M. Timpson,https://a.espncdn.com/i/headshots/wnba/players/full/4433546.png,Forward,F,Indiana Fever,s:40~l:59~t:5,indiana-fever,https://a.espncdn.com/i/teamlogos/wnba/500/ind.png,IND,002d62,e03a3e,home,FALSE,104,3,Wings,Dallas,Dallas Wings,DAL,https://a.espncdn.com/guid/34946ff8-281e-c57d-bb76-37fb1ebe3ec6/logos/default.png,002b5c,c4d600,107
401856893,2026,2,2026-05-09,2026-05-09T17:00:00Z,2955898,Damiris Dantas,5,Fever,Indiana,Fever,13,3,4,1,2,0,0,0,1,1,1,0,1,2,5,-3,7,FALSE,FALSE,FALSE,COACH'S DECISION,FALSE,12,D. Dantas,https://a.espncdn.com/i/headshots/wnba/players/full/2955898.png,Center,C,Indiana Fever,s:40~l:59~t:5,indiana-fever,https://a.espncdn.com/i/teamlogos/wnba/500/ind.png,IND,002d62,e03a3e,home,FALSE,104,3,Wings,Dallas,Dallas Wings,DAL,https://a.espncdn.com/guid/34946ff8-281e-c57d-bb76-37fb1ebe3ec6/logos/default.png,002b5c,c4d600,107
401856893,2026,2,2026-05-09,2026-05-09T17:00:00Z,4065760,Tyasha Harris,5,Fever,Indiana,Fever,4,0,1,0,0,0,0,0,0,0,0,0,0,0,0,+2,0,FALSE,FALSE,FALSE,COACH'S DECISION,FALSE,52,T. Harris,https://a.espncdn.com/i/headshots/wnba/players/full/4065760.png,Guard,G,Indiana Fever,s:40~l:59~t:5,indiana-fever,https://a.espncdn.com/i/teamlogos/wnba/500/ind.png,IND,002d62,e03a3e,home,FALSE,104,3,Wings,Dallas,Dallas Wings,DAL,https://a.espncdn.com/guid/34946ff8-281e-c57d-bb76-37fb1ebe3ec6/logos/default.png,002b5c,c4d600,107
401856893,2026,2,2026-05-09,2026-05-09T17:00:00Z,4398829,Lexie Hull,5,Fever,Indiana,Fever,15,0,2,0,0,0,0,0,1,1,0,0,0,1,2,-1,0,FALSE,FALSE,FALSE,COACH'S DECISION,TRUE,10,L. Hull,https://a.espncdn.com/i/headshots/wnba/players/full/4398829.png,Guard,G,Indiana Fever,s:40~l:59~t:5,indiana-fever,https://a.espncdn.com/i/teamlogos/wnba/500/ind.png,IND,002d62,e03a3e,home,FALSE,104,3,Wings,Dallas,Dallas Wings,DAL,https://a.espncdn.com/guid/34946ff8-281e-c57d-bb76-37fb1ebe3ec6/logos/default.png,002b5c,c4d600,107
401856893,2026,2,2026-05-09,2026-05-09T17:00:00Z,4433797,Raven Johnson,5,Fever,Indiana,Fever,12,1,1,0,0,2,2,0,2,2,2,1,0,1,1,-5,4,FALSE,FALSE,FALSE,COACH'S DECISION,FALSE,3,R. Johnson,https://a.espncdn.com/i/headshots/wnba/players/full/4433797.png,Guard,G,Indiana Fever,s:40~l:59~t:5,indiana-fever,https://a.espncdn.com/i/teamlogos/wnba/500/ind.png,IND,002d62,e03a3e,home,FALSE,104,3,Wings,Dallas,Dallas Wings,DAL,https://a.espncdn.com/guid/34946ff8-281e-c57d-bb76-37fb1ebe3ec6/logos/default.png,002b5c,c4d600,107
401856893,2026,2,2026-05-09,2026-05-09T17:00:00Z,3142255,Monique Billings,5,Fever,Indiana,Fever,,,,,,,,,,,,,,,,,,FALSE,FALSE,TRUE,ANKLE INJURY,FALSE,25,M. Billings,https://a.espncdn.com/i/headshots/wnba/players/full/3142255.png,Forward,F,Indiana Fever,s:40~l:59~t:5,indiana-fever,https://a.espncdn.com/i/teamlogos/wnba/500/ind.png,IND,002d62,e03a3e,home,FALSE,104,3,Wings,Dallas,Dallas Wings,DAL,https://a.espncdn.com/guid/34946ff8-281e-c57d-bb76-37fb1ebe3ec6/logos/default.png,002b5c,c4d600,107
401856893,2026,2,2026-05-09,2026-05-09T17:00:00Z,3058893,Shatori Walker-Kimbrough,5,Fever,Indiana,Fever,,,,,,,,,,,,,,,,,,FALSE,FALSE,TRUE,COACH'S DECISION,FALSE,32,S. Walker-Kimbrough,https://a.espncdn.com/i/headshots/wnba/players/full/3058893.png,Guard,G,Indiana Fever,s:40~l:59~t:5,indiana-fever,https://a.espncdn.com/i/teamlogos/wnba/500/ind.png,IND,002d62,e03a3e,home,FALSE,104,3,Wings,Dallas,Dallas Wings,DAL,https://a.espncdn.com/guid/34946ff8-281e-c57d-bb76-37fb1ebe3ec6/logos/default.png,002b5c,c4d600,107
401856892,2026,2,2026-05-08,2026-05-09T02:00:00Z,2529622,Kayla Thornton,129689,Valkyries,Golden State,Valkyries,30,4,9,3,6,2,2,3,5,8,1,0,0,2,2,+5,13,TRUE,FALSE,FALSE,COACH'S DECISION,FALSE,5,K. Thornton,https://a.espncdn.com/i/headshots/wnba/players/full/2529622.png,Forward,F,Golden State Valkyries,s:40~l:59~t:129689,golden-state-valkyries,https://a.espncdn.com/i/teamlogos/wnba/500/gs.png,GS,b38fcf,000000,away,TRUE,91,14,Storm,Seattle,Seattle Storm,SEA,https://a.espncdn.com/i/teamlogos/wnba/500/sea.png,2c5235,fee11a,80
401856892,2026,2,2026-05-08,2026-05-09T02:00:00Z,3142328,Gabby Williams,129689,Valkyries,Golden State,Valkyries,24,2,9,1,5,2,3,3,3,6,4,1,0,2,0,+3,7,TRUE,FALSE,FALSE,COACH'S DECISION,FALSE,1,G. Williams,https://a.espncdn.com/i/headshots/wnba/players/full/3142328.png,Forward,F,Golden State Valkyries,s:40~l:59~t:129689,golden-state-valkyries,https://a.espncdn.com/i/teamlogos/wnba/500/gs.png,GS,b38fcf,000000,away,TRUE,91,14,Storm,Seattle,Seattle Storm,SEA,https://a.espncdn.com/i/teamlogos/wnba/500/sea.png,2c5235,fee11a,80
401856892,2026,2,2026-05-08,2026-05-09T02:00:00Z,2590093,Kiah Stokes,129689,Valkyries,Golden State,Valkyries,24,3,5,0,1,0,0,0,4,4,3,1,3,0,3,+10,6,TRUE,FALSE,FALSE,COACH'S DECISION,FALSE,41,K. Stokes,https://a.espncdn.com/i/headshots/wnba/players/full/2590093.png,Center,C,Golden State Valkyries,s:40~l:59~t:129689,golden-state-valkyries,https://a.espncdn.com/i/teamlogos/wnba/500/gs.png,GS,b38fcf,000000,away,TRUE,91,14,Storm,Seattle,Seattle Storm,SEA,https://a.espncdn.com/i/teamlogos/wnba/500/sea.png,2c5235,fee11a,80
401856892,2026,2,2026-05-08,2026-05-09T02:00:00Z,1054,Tiffany Hayes,129689,Valkyries,Golden State,Valkyries,4,0,1,0,1,1,2,0,0,0,1,0,0,0,1,-6,1,TRUE,FALSE,FALSE,COACH'S DECISION,FALSE,15,T. Hayes,https://a.espncdn.com/i/headshots/wnba/players/full/1054.png,Guard,G,Golden State Valkyries,s:40~l:59~t:129689,golden-state-valkyries,https://a.espncdn.com/i/teamlogos/wnba/500/gs.png,GS,b38fcf,000000,away,TRUE,91,14,Storm,Seattle,Seattle Storm,SEA,https://a.espncdn.com/i/teamlogos/wnba/500/sea.png,2c5235,fee11a,80
401856892,2026,2,2026-05-08,2026-05-09T02:00:00Z,4398935,Veronica Burton,129689,Valkyries,Golden State,Valkyries,31,5,13,2,4,4,5,1,1,2,6,2,0,1,4,+8,16,TRUE,FALSE,FALSE,COACH'S DECISION,FALSE,22,V. Burton,https://a.espncdn.com/i/headshots/wnba/players/full/4398935.png,Guard,G,Golden State Valkyries,s:40~l:59~t:129689,golden-state-valkyries,https://a.espncdn.com/i/teamlogos/wnba/500/gs.png,GS,b38fcf,000000,away,TRUE,91,14,Storm,Seattle,Seattle Storm,SEA,https://a.espncdn.com/i/teamlogos/wnba/500/sea.png,2c5235,fee11a,80
401856892,2026,2,2026-05-08,2026-05-09T02:00:00Z,4257500,Cecilia Zandalasini,129689,Valkyries,Golden State,Valkyries,7,3,5,1,3,1,2,0,2,2,1,1,0,0,0,+8,8,FALSE,FALSE,FALSE,COACH'S DECISION,FALSE,24,C. Zandalasini,https://a.espncdn.com/i/headshots/wnba/players/full/4257500.png,Forward,F,Golden State Valkyries,s:40~l:59~t:129689,golden-state-valkyries,https://a.espncdn.com/i/teamlogos/wnba/500/gs.png,GS,b38fcf,000000,away,TRUE,91,14,Storm,Seattle,Seattle Storm,SEA,https://a.espncdn.com/i/teamlogos/wnba/500/sea.png,2c5235,fee11a,80
401856892,2026,2,2026-05-08,2026-05-09T02:00:00Z,4432834,Laeticia Amihere,129689,Valkyries,Golden State,Valkyries,16,1,3,0,1,1,3,3,1,4,1,0,0,1,4,+1,3,FALSE,FALSE,FALSE,COACH'S DECISION,TRUE,3,L. Amihere,https://a.espncdn.com/i/headshots/wnba/players/full/4432834.png,Forward,F,Golden State Valkyries,s:40~l:59~t:129689,golden-state-valkyries,https://a.espncdn.com/i/teamlogos/wnba/500/gs.png,GS,b38fcf,000000,away,TRUE,91,14,Storm,Seattle,Seattle Storm,SEA,https://a.espncdn.com/i/teamlogos/wnba/500/sea.png,2c5235,fee11a,80
401856892,2026,2,2026-05-08,2026-05-09T02:00:00Z,4790264,Janelle Salaun,129689,Valkyries,Golden State,Valkyries,27,7,16,5,11,1,3,0,2,2,1,0,1,1,4,+10,20,FALSE,FALSE,FALSE,COACH'S DECISION,TRUE,13,J. Salaun,https://a.espncdn.com/i/headshots/wnba/players/full/4790264.png,Forward,F,Golden State Valkyries,s:40~l:59~t:129689,golden-state-valkyries,https://a.espncdn.com/i/teamlogos/wnba/500/gs.png,GS,b38fcf,000000,away,TRUE,91,14,Storm,Seattle,Seattle Storm,SEA,https://a.espncdn.com/i/teamlogos/wnba/500/sea.png,2c5235,fee11a,80
401856892,2026,2,2026-05-08,2026-05-09T02:00:00Z,4065780,Kaila Charles,129689,Valkyries,Golden State,Valkyries,17,1,2,1,1,0,0,3,3,6,2,0,1,2,5,+18,3,FALSE,FALSE,FALSE,COACH'S DECISION,FALSE,6,K. Charles,https://a.espncdn.com/i/headshots/wnba/players/full/4065780.png,Guard,G,Golden State Valkyries,s:40~l:59~t:129689,golden-state-valkyries,https://a.espncdn.com/i/teamlogos/wnba/500/gs.png,GS,b38fcf,000000,away,TRUE,91,14,Storm,Seattle,Seattle Storm,SEA,https://a.espncdn.com/i/teamlogos/wnba/500/sea.png,2c5235,fee11a,80
401856892,2026,2,2026-05-08,2026-05-09T02:00:00Z,4398577,Miela Sowah,129689,Valkyries,Golden State,Valkyries,3,0,1,0,1,0,0,0,0,0,0,0,0,0,0,-6,0,FALSE,FALSE,FALSE,COACH'S DECISION,TRUE,7,M. Sowah,https://a.espncdn.com/i/headshots/wnba/players/full/4398577.png,Guard,G,Golden State Valkyries,s:40~l:59~t:129689,golden-state-valkyries,https://a.espncdn.com/i/teamlogos/wnba/500/gs.png,GS,b38fcf,000000,away,TRUE,91,14,Storm,Seattle,Seattle Storm,SEA,https://a.espncdn.com/i/teamlogos/wnba/500/sea.png,2c5235,fee11a,80
401856892,2026,2,2026-05-08,2026-05-09T02:00:00Z,4899328,Kaitlyn Chen,129689,Valkyries,Golden State,Valkyries,16,5,10,2,3,2,2,0,1,1,2,0,0,0,0,+6,14,FALSE,FALSE,FALSE,COACH'S DECISION,TRUE,2,K. Chen,https://a.espncdn.com/i/headshots/wnba/players/full/4899328.png,Guard,G,Golden State Valkyries,s:40~l:59~t:129689,golden-state-valkyries,https://a.espncdn.com/i/teamlogos/wnba/500/gs.png,GS,b38fcf,000000,away,TRUE,91,14,Storm,Seattle,Seattle Storm,SEA,https://a.espncdn.com/i/teamlogos/wnba/500/sea.png,2c5235,fee11a,80
401856892,2026,2,2026-05-08,2026-05-09T02:00:00Z,5106170,Ndjakalenga Mwenentanda,129689,Valkyries,Golden State,Valkyries,1,0,0,0,0,0,0,0,0,0,0,0,0,0,0,-2,0,FALSE,FALSE,FALSE,COACH'S DECISION,TRUE,32,N. Mwenentanda,,Guard,G,Golden State Valkyries,s:40~l:59~t:129689,golden-state-valkyries,https://a.espncdn.com/i/teamlogos/wnba/500/gs.png,GS,b38fcf,000000,away,TRUE,91,14,Storm,Seattle,Seattle Storm,SEA,https://a.espncdn.com/i/teamlogos/wnba/500/sea.png,2c5235,fee11a,80
401856892,2026,2,2026-05-08,2026-05-09T02:00:00Z,4432830,Jordan Horston,14,Storm,Seattle,Storm,15,0,4,0,2,0,0,0,4,4,0,0,1,1,1,-6,0,TRUE,FALSE,FALSE,COACH'S DECISION,FALSE,23,J. Horston,https://a.espncdn.com/i/headshots/wnba/players/full/4432830.png,Forward,F,Seattle Storm,s:40~l:59~t:14,seattle-storm,https://a.espncdn.com/i/teamlogos/wnba/500/sea.png,SEA,2c5235,fee11a,home,FALSE,80,129689,Valkyries,Golden State,Golden State Valkyries,GS,https://a.espncdn.com/i/teamlogos/wnba/500/gs.png,b38fcf,000000,91
401856892,2026,2,2026-05-08,2026-05-09T02:00:00Z,2529183,Stefanie Dolson,14,Storm,Seattle,Storm,27,2,3,1,2,1,2,1,4,5,3,0,2,2,3,-5,6,TRUE,FALSE,FALSE,COACH'S DECISION,TRUE,31,S. Dolson,https://a.espncdn.com/i/headshots/wnba/players/full/2529183.png,Center,C,Seattle Storm,s:40~l:59~t:14,seattle-storm,https://a.espncdn.com/i/teamlogos/wnba/500/sea.png,SEA,2c5235,fee11a,home,FALSE,80,129689,Valkyries,Golden State,Golden State Valkyries,GS,https://a.espncdn.com/i/teamlogos/wnba/500/gs.png,b38fcf,000000,91
401856892,2026,2,2026-05-08,2026-05-09T02:00:00Z,5220150,Dominique Malonga,14,Storm,Seattle,Storm,29,8,15,0,2,5,9,4,4,8,0,0,2,3,3,-4,21,TRUE,FALSE,FALSE,COACH'S DECISION,TRUE,14,D. Malonga,https://a.espncdn.com/i/headshots/wnba/players/full/5220150.png,Center,C,Seattle Storm,s:40~l:59~t:14,seattle-storm,https://a.espncdn.com/i/teamlogos/wnba/500/sea.png,SEA,2c5235,fee11a,home,FALSE,80,129689,Valkyries,Golden State,Golden State Valkyries,GS,https://a.espncdn.com/i/teamlogos/wnba/500/gs.png,b38fcf,000000,91
401856892,2026,2,2026-05-08,2026-05-09T02:00:00Z,3906753,Natisha Hiedeman,14,Storm,Seattle,Storm,23,2,7,0,4,2,3,0,5,5,3,1,0,1,5,-1,6,TRUE,FALSE,FALSE,COACH'S DECISION,TRUE,2,N. Hiedeman,https://a.espncdn.com/i/headshots/wnba/players/full/3906753.png,Guard,G,Seattle Storm,s:40~l:59~t:14,seattle-storm,https://a.espncdn.com/i/teamlogos/wnba/500/sea.png,SEA,2c5235,fee11a,home,FALSE,80,129689,Valkyries,Golden State,Golden State Valkyries,GS,https://a.espncdn.com/i/teamlogos/wnba/500/gs.png,b38fcf,000000,91
401856892,2026,2,2026-05-08,2026-05-09T02:00:00Z,4698736,Flau'jae Johnson,14,Storm,Seattle,Storm,26,3,12,3,7,3,3,0,2,2,2,1,0,2,2,-6,12,TRUE,FALSE,FALSE,COACH'S DECISION,TRUE,4,F. Johnson,https://a.espncdn.com/i/headshots/wnba/players/full/4698736.png,Guard,G,Seattle Storm,s:40~l:59~t:14,seattle-storm,https://a.espncdn.com/i/teamlogos/wnba/500/sea.png,SEA,2c5235,fee11a,home,FALSE,80,129689,Valkyries,Golden State,Golden State Valkyries,GS,https://a.espncdn.com/i/teamlogos/wnba/500/gs.png,b38fcf,000000,91
401856892,2026,2,2026-05-08,2026-05-09T02:00:00Z,4433643,Mackenzie Holmes,14,Storm,Seattle,Storm,11,1,1,0,0,0,0,3,3,6,0,0,0,0,2,-4,2,FALSE,FALSE,FALSE,COACH'S DECISION,FALSE,54,M. Holmes,https://a.espncdn.com/i/headshots/wnba/players/full/4433643.png,Forward,F,Seattle Storm,s:40~l:59~t:14,seattle-storm,https://a.espncdn.com/i/teamlogos/wnba/500/sea.png,SEA,2c5235,fee11a,home,FALSE,80,129689,Valkyries,Golden State,Golden State Valkyries,GS,https://a.espncdn.com/i/teamlogos/wnba/500/gs.png,b38fcf,000000,91
401856892,2026,2,2026-05-08,2026-05-09T02:00:00Z,5105731,Grace VanSlooten,14,Storm,Seattle,Storm,7,1,2,1,1,2,2,0,0,0,0,0,0,0,2,-3,5,FALSE,FALSE,FALSE,COACH'S DECISION,FALSE,40,G. VanSlooten,https://a.espncdn.com/i/headshots/wnba/players/full/5105731.png,Forward,F,Seattle Storm,s:40~l:59~t:14,seattle-storm,https://a.espncdn.com/i/teamlogos/wnba/500/sea.png,SEA,2c5235,fee11a,home,FALSE,80,129689,Valkyries,Golden State,Golden State Valkyries,GS,https://a.espncdn.com/i/teamlogos/wnba/500/gs.png,b38fcf,000000,91
401856892,2026,2,2026-05-08,2026-05-09T02:00:00Z,3058892,Lexie Brown,14,Storm,Seattle,Storm,22,0,2,0,2,0,0,1,1,2,3,0,0,4,1,-19,0,FALSE,FALSE,FALSE,COACH'S DECISION,FALSE,8,L. Brown,https://a.espncdn.com/i/headshots/wnba/players/full/3058892.png,Guard,G,Seattle Storm,s:40~l:59~t:14,seattle-storm,https://a.espncdn.com/i/teamlogos/wnba/500/sea.png,SEA,2c5235,fee11a,home,FALSE,80,129689,Valkyries,Golden State,Golden State Valkyries,GS,https://a.espncdn.com/i/teamlogos/wnba/500/gs.png,b38fcf,000000,91
401856892,2026,2,2026-05-08,2026-05-09T02:00:00Z,4432832,Zia Cooke,14,Storm,Seattle,Storm,23,5,12,2,3,3,5,3,4,7,2,1,0,1,1,+3,15,FALSE,FALSE,FALSE,COACH'S DECISION,TRUE,7,Z. Cooke,https://a.espncdn.com/i/headshots/wnba/players/full/4432832.png,Guard,G,Seattle Storm,s:40~l:59~t:14,seattle-storm,https://a.espncdn.com/i/teamlogos/wnba/500/sea.png,SEA,2c5235,fee11a,home,FALSE,80,129689,Valkyries,Golden State,Golden State Valkyries,GS,https://a.espncdn.com/i/teamlogos/wnba/500/gs.png,b38fcf,000000,91
401856892,2026,2,2026-05-08,2026-05-09T02:00:00Z,5017726,Jade Melbourne,14,Storm,Seattle,Storm,17,4,5,2,3,3,3,1,1,2,3,1,0,0,2,-10,13,FALSE,FALSE,FALSE,COACH'S DECISION,FALSE,5,J. Melbourne,https://a.espncdn.com/i/headshots/wnba/players/full/5017726.png,Guard,G,Seattle Storm,s:40~l:59~t:14,seattle-storm,https://a.espncdn.com/i/teamlogos/wnba/500/sea.png,SEA,2c5235,fee11a,home,FALSE,80,129689,Valkyries,Golden State,Golden State Valkyries,GS,https://a.espncdn.com/i/teamlogos/wnba/500/gs.png,b38fcf,000000,91
401856892,2026,2,2026-05-08,2026-05-09T02:00:00Z,3917453,Katie Lou Samuelson,14,Storm,Seattle,Storm,,,,,,,,,,,,,,,,,,FALSE,FALSE,TRUE,RIGHT KNEE,FALSE,33,K. Samuelson,https://a.espncdn.com/i/headshots/wnba/players/full/3917453.png,Forward,F,Seattle Storm,s:40~l:59~t:14,seattle-storm,https://a.espncdn.com/i/teamlogos/wnba/500/sea.png,SEA,2c5235,fee11a,home,FALSE,80,129689,Valkyries,Golden State,Golden State Valkyries,GS,https://a.espncdn.com/i/teamlogos/wnba/500/gs.png,b38fcf,000000,91
401856892,2026,2,2026-05-08,2026-05-09T02:00:00Z,4420318,Ezi Magbegor,14,Storm,Seattle,Storm,,,,,,,,,,,,,,,,,,FALSE,FALSE,TRUE,RIGHT FOOT,FALSE,13,E. Magbegor,https://a.espncdn.com/i/headshots/wnba/players/full/4420318.png,Forward,F,Seattle Storm,s:40~l:59~t:14,seattle-storm,https://a.espncdn.com/i/teamlogos/wnba/500/sea.png,SEA,2c5235,fee11a,home,FALSE,80,129689,Valkyries,Golden State,Golden State Valkyries,GS,https://a.espncdn.com/i/teamlogos/wnba/500/gs.png,b38fcf,000000,91
401856892,2026,2,2026-05-08,2026-05-09T02:00:00Z,5106222,Taina Mair,14,Storm,Seattle,Storm,,,,,,,,,,,,,,,,,,FALSE,FALSE,TRUE,COACH'S DECISION,FALSE,22,T. Mair,https://a.espncdn.com/i/headshots/wnba/players/full/5106222.png,Guard,G,Seattle Storm,s:40~l:59~t:14,seattle-storm,https://a.espncdn.com/i/teamlogos/wnba/500/sea.png,SEA,2c5235,fee11a,home,FALSE,80,129689,Valkyries,Golden State,Golden State Valkyries,GS,https://a.espncdn.com/i/teamlogos/wnba/500/gs.png,b38fcf,000000,91
401856890,2026,2,2026-05-08,2026-05-08T23:30:00Z,4433635,Diamond Miller,18,Sun,Connecticut,Sun,25,6,16,1,6,3,5,1,2,3,1,2,0,2,3,-15,16,TRUE,FALSE,FALSE,COACH'S DECISION,TRUE,1,D. Miller,https://a.espncdn.com/i/headshots/wnba/players/full/4433635.png,Forward,F,Connecticut Sun,s:40~l:59~t:18,connecticut-sun,https://a.espncdn.com/guid/7c72e7ee-5064-b766-2b39-95b57e3d9a08/logos/default.png,CON,f05023,0a2240,away,FALSE,75,9,Liberty,New York,New York Liberty,NY,https://a.espncdn.com/i/teamlogos/wnba/500/ny.png,86cebc,000000,106
401856890,2026,2,2026-05-08,2026-05-08T23:30:00Z,4684384,Aneesah Morrow,18,Sun,Connecticut,Sun,24,7,15,1,5,0,0,3,3,6,0,1,0,5,5,-15,15,TRUE,FALSE,FALSE,COACH'S DECISION,TRUE,24,A. Morrow,https://a.espncdn.com/i/headshots/wnba/players/full/4684384.png,Forward,F,Connecticut Sun,s:40~l:59~t:18,connecticut-sun,https://a.espncdn.com/guid/7c72e7ee-5064-b766-2b39-95b57e3d9a08/logos/default.png,CON,f05023,0a2240,away,FALSE,75,9,Liberty,New York,New York Liberty,NY,https://a.espncdn.com/i/teamlogos/wnba/500/ny.png,86cebc,000000,106
401856890,2026,2,2026-05-08,2026-05-08T23:30:00Z,2490553,Brittney Griner,18,Sun,Connecticut,Sun,27,6,11,0,1,1,1,3,3,6,2,0,0,2,2,-21,13,TRUE,FALSE,FALSE,COACH'S DECISION,TRUE,42,B. Griner,https://a.espncdn.com/i/headshots/wnba/players/full/2490553.png,Center,C,Connecticut Sun,s:40~l:59~t:18,connecticut-sun,https://a.espncdn.com/guid/7c72e7ee-5064-b766-2b39-95b57e3d9a08/logos/default.png,CON,f05023,0a2240,away,FALSE,75,9,Liberty,New York,New York Liberty,NY,https://a.espncdn.com/i/teamlogos/wnba/500/ny.png,86cebc,000000,106
401856890,2026,2,2026-05-08,2026-05-08T23:30:00Z,3922628,Kennedy Burke,18,Sun,Connecticut,Sun,24,2,8,0,1,0,0,2,1,3,3,0,1,0,4,-22,4,TRUE,FALSE,FALSE,COACH'S DECISION,TRUE,25,K. Burke,https://a.espncdn.com/i/headshots/wnba/players/full/3922628.png,Guard,G,Connecticut Sun,s:40~l:59~t:18,connecticut-sun,https://a.espncdn.com/guid/7c72e7ee-5064-b766-2b39-95b57e3d9a08/logos/default.png,CON,f05023,0a2240,away,FALSE,75,9,Liberty,New York,New York Liberty,NY,https://a.espncdn.com/i/teamlogos/wnba/500/ny.png,86cebc,000000,106
401856890,2026,2,2026-05-08,2026-05-08T23:30:00Z,4433514,Saniya Rivers,18,Sun,Connecticut,Sun,26,2,6,0,1,1,2,0,2,2,6,0,1,4,2,-27,5,TRUE,FALSE,FALSE,COACH'S DECISION,TRUE,22,S. Rivers,https://a.espncdn.com/i/headshots/wnba/players/full/4433514.png,Guard,G,Connecticut Sun,s:40~l:59~t:18,connecticut-sun,https://a.espncdn.com/guid/7c72e7ee-5064-b766-2b39-95b57e3d9a08/logos/default.png,CON,f05023,0a2240,away,FALSE,75,9,Liberty,New York,New York Liberty,NY,https://a.espncdn.com/i/teamlogos/wnba/500/ny.png,86cebc,000000,106
401856890,2026,2,2026-05-08,2026-05-08T23:30:00Z,5105732,Raegan Beers,18,Sun,Connecticut,Sun,11,0,1,0,0,1,4,0,2,2,0,0,0,0,2,-9,1,FALSE,FALSE,FALSE,COACH'S DECISION,FALSE,15,R. Beers,,Forward,F,Connecticut Sun,s:40~l:59~t:18,connecticut-sun,https://a.espncdn.com/guid/7c72e7ee-5064-b766-2b39-95b57e3d9a08/logos/default.png,CON,f05023,0a2240,away,FALSE,75,9,Liberty,New York,New York Liberty,NY,https://a.espncdn.com/i/teamlogos/wnba/500/ny.png,86cebc,000000,106
401856890,2026,2,2026-05-08,2026-05-08T23:30:00Z,4398966,Olivia Nelson-Ododa,18,Sun,Connecticut,Sun,15,0,2,0,0,1,2,1,1,2,3,1,0,0,2,-15,1,FALSE,FALSE,FALSE,COACH'S DECISION,FALSE,10,O. Nelson-Ododa,https://a.espncdn.com/i/headshots/wnba/players/full/4398966.png,Center,C,Connecticut Sun,s:40~l:59~t:18,connecticut-sun,https://a.espncdn.com/guid/7c72e7ee-5064-b766-2b39-95b57e3d9a08/logos/default.png,CON,f05023,0a2240,away,FALSE,75,9,Liberty,New York,New York Liberty,NY,https://a.espncdn.com/i/teamlogos/wnba/500/ny.png,86cebc,000000,106
401856890,2026,2,2026-05-08,2026-05-08T23:30:00Z,4433412,Hailey Van Lith,18,Sun,Connecticut,Sun,14,4,7,1,2,0,0,0,1,1,4,1,0,2,2,-7,9,FALSE,FALSE,FALSE,COACH'S DECISION,FALSE,2,H. Van Lith,https://a.espncdn.com/i/headshots/wnba/players/full/4433412.png,Guard,G,Connecticut Sun,s:40~l:59~t:18,connecticut-sun,https://a.espncdn.com/guid/7c72e7ee-5064-b766-2b39-95b57e3d9a08/logos/default.png,CON,f05023,0a2240,away,FALSE,75,9,Liberty,New York,New York Liberty,NY,https://a.espncdn.com/i/teamlogos/wnba/500/ny.png,86cebc,000000,106
401856890,2026,2,2026-05-08,2026-05-08T23:30:00Z,4703609,Charlisse Leger-Walker,18,Sun,Connecticut,Sun,21,2,9,0,2,0,1,0,2,2,1,0,0,1,1,-17,4,FALSE,FALSE,FALSE,COACH'S DECISION,FALSE,4,C. Leger-Walker,https://a.espncdn.com/i/headshots/wnba/players/full/4703609.png,Guard,G,Connecticut Sun,s:40~l:59~t:18,connecticut-sun,https://a.espncdn.com/guid/7c72e7ee-5064-b766-2b39-95b57e3d9a08/logos/default.png,CON,f05023,0a2240,away,FALSE,75,9,Liberty,New York,New York Liberty,NY,https://a.espncdn.com/i/teamlogos/wnba/500/ny.png,86cebc,000000,106
401856890,2026,2,2026-05-08,2026-05-08T23:30:00Z,4898898,Gianna Kneepkens,18,Sun,Connecticut,Sun,13,3,8,1,4,0,0,2,3,5,1,0,0,0,2,-7,7,FALSE,FALSE,FALSE,COACH'S DECISION,FALSE,5,G. Kneepkens,https://a.espncdn.com/i/headshots/wnba/players/full/4898898.png,Guard,G,Connecticut Sun,s:40~l:59~t:18,connecticut-sun,https://a.espncdn.com/guid/7c72e7ee-5064-b766-2b39-95b57e3d9a08/logos/default.png,CON,f05023,0a2240,away,FALSE,75,9,Liberty,New York,New York Liberty,NY,https://a.espncdn.com/i/teamlogos/wnba/500/ny.png,86cebc,000000,106
401856890,2026,2,2026-05-08,2026-05-08T23:30:00Z,4433408,Aaliyah Edwards,18,Sun,Connecticut,Sun,,,,,,,,,,,,,,,,,,FALSE,FALSE,TRUE,LEFT THIGH,FALSE,8,A. Edwards,https://a.espncdn.com/i/headshots/wnba/players/full/4433408.png,Forward,F,Connecticut Sun,s:40~l:59~t:18,connecticut-sun,https://a.espncdn.com/guid/7c72e7ee-5064-b766-2b39-95b57e3d9a08/logos/default.png,CON,f05023,0a2240,away,FALSE,75,9,Liberty,New York,New York Liberty,NY,https://a.espncdn.com/i/teamlogos/wnba/500/ny.png,86cebc,000000,106
401856890,2026,2,2026-05-08,2026-05-08T23:30:00Z,1107,Shey Peddy,18,Sun,Connecticut,Sun,,,,,,,,,,,,,,,,,,FALSE,FALSE,TRUE,LOWER LEG,FALSE,11,S. Peddy,https://a.espncdn.com/i/headshots/wnba/players/full/1107.png,Guard,G,Connecticut Sun,s:40~l:59~t:18,connecticut-sun,https://a.espncdn.com/guid/7c72e7ee-5064-b766-2b39-95b57e3d9a08/logos/default.png,CON,f05023,0a2240,away,FALSE,75,9,Liberty,New York,New York Liberty,NY,https://a.espncdn.com/i/teamlogos/wnba/500/ny.png,86cebc,000000,106
401856890,2026,2,2026-05-08,2026-05-08T23:30:00Z,5106232,Ashlon Jackson,18,Sun,Connecticut,Sun,,,,,,,,,,,,,,,,,,FALSE,FALSE,TRUE,COACH'S DECISION,FALSE,3,A. Jackson,https://a.espncdn.com/i/headshots/wnba/players/full/5106232.png,Guard,G,Connecticut Sun,s:40~l:59~t:18,connecticut-sun,https://a.espncdn.com/guid/7c72e7ee-5064-b766-2b39-95b57e3d9a08/logos/default.png,CON,f05023,0a2240,away,FALSE,75,9,Liberty,New York,New York Liberty,NY,https://a.espncdn.com/i/teamlogos/wnba/500/ny.png,86cebc,000000,106
401856890,2026,2,2026-05-08,2026-05-08T23:30:00Z,2998928,Breanna Stewart,9,Liberty,New York,Liberty,28,10,17,0,4,11,12,1,9,10,2,1,3,4,3,+21,31,TRUE,FALSE,FALSE,COACH'S DECISION,FALSE,30,B. Stewart,https://a.espncdn.com/i/headshots/wnba/players/full/2998928.png,Forward,F,New York Liberty,s:40~l:59~t:9,new-york-liberty,https://a.espncdn.com/i/teamlogos/wnba/500/ny.png,NY,86cebc,000000,home,TRUE,106,18,Sun,Connecticut,Connecticut Sun,CON,https://a.espncdn.com/guid/7c72e7ee-5064-b766-2b39-95b57e3d9a08/logos/default.png,f05023,0a2240,75
401856890,2026,2,2026-05-08,2026-05-08T23:30:00Z,2999101,Jonquel Jones,9,Liberty,New York,Liberty,25,3,7,1,5,3,4,0,5,5,1,2,1,2,5,+10,10,TRUE,FALSE,FALSE,COACH'S DECISION,FALSE,35,J. Jones,https://a.espncdn.com/i/headshots/wnba/players/full/2999101.png,Center,C,New York Liberty,s:40~l:59~t:9,new-york-liberty,https://a.espncdn.com/i/teamlogos/wnba/500/ny.png,NY,86cebc,000000,home,TRUE,106,18,Sun,Connecticut,Connecticut Sun,CON,https://a.espncdn.com/guid/7c72e7ee-5064-b766-2b39-95b57e3d9a08/logos/default.png,f05023,0a2240,75
401856890,2026,2,2026-05-08,2026-05-08T23:30:00Z,2593770,Betnijah Laney-Hamilton,9,Liberty,New York,Liberty,28,4,7,0,3,4,4,0,2,2,4,0,0,2,0,+15,12,TRUE,FALSE,FALSE,COACH'S DECISION,TRUE,44,B. Laney-Hamilton,https://a.espncdn.com/i/headshots/wnba/players/full/2593770.png,Guard,G,New York Liberty,s:40~l:59~t:9,new-york-liberty,https://a.espncdn.com/i/teamlogos/wnba/500/ny.png,NY,86cebc,000000,home,TRUE,106,18,Sun,Connecticut,Connecticut Sun,CON,https://a.espncdn.com/guid/7c72e7ee-5064-b766-2b39-95b57e3d9a08/logos/default.png,f05023,0a2240,75
401856890,2026,2,2026-05-08,2026-05-08T23:30:00Z,4038379,Marine Johannes,9,Liberty,New York,Liberty,28,6,13,5,9,0,0,2,3,5,3,3,0,1,2,+17,17,TRUE,FALSE,FALSE,COACH'S DECISION,FALSE,23,M. Johannes,https://a.espncdn.com/i/headshots/wnba/players/full/4038379.png,Guard,G,New York Liberty,s:40~l:59~t:9,new-york-liberty,https://a.espncdn.com/i/teamlogos/wnba/500/ny.png,NY,86cebc,000000,home,TRUE,106,18,Sun,Connecticut,Connecticut Sun,CON,https://a.espncdn.com/guid/7c72e7ee-5064-b766-2b39-95b57e3d9a08/logos/default.png,f05023,0a2240,75
401856890,2026,2,2026-05-08,2026-05-08T23:30:00Z,5345320,Pauline Astier,9,Liberty,New York,Liberty,20,2,4,0,0,1,3,1,1,2,4,1,0,0,4,+4,5,TRUE,FALSE,FALSE,COACH'S DECISION,FALSE,18,P. Astier,https://a.espncdn.com/i/headshots/wnba/players/full/5345320.png,Guard,G,New York Liberty,s:40~l:59~t:9,new-york-liberty,https://a.espncdn.com/i/teamlogos/wnba/500/ny.png,NY,86cebc,000000,home,TRUE,106,18,Sun,Connecticut,Connecticut Sun,CON,https://a.espncdn.com/guid/7c72e7ee-5064-b766-2b39-95b57e3d9a08/logos/default.png,f05023,0a2240,75
401856890,2026,2,2026-05-08,2026-05-08T23:30:00Z,4432844,Aubrey Griffin,9,Liberty,New York,Liberty,5,1,1,0,0,0,0,0,0,0,0,0,0,1,0,+6,2,FALSE,FALSE,FALSE,COACH'S DECISION,TRUE,22,A. Griffin,,Forward,F,New York Liberty,s:40~l:59~t:9,new-york-liberty,https://a.espncdn.com/i/teamlogos/wnba/500/ny.png,NY,86cebc,000000,home,TRUE,106,18,Sun,Connecticut,Connecticut Sun,CON,https://a.espncdn.com/guid/7c72e7ee-5064-b766-2b39-95b57e3d9a08/logos/default.png,f05023,0a2240,75
401856890,2026,2,2026-05-08,2026-05-08T23:30:00Z,4337216,Han Xu,9,Liberty,New York,Liberty,22,3,8,2,6,0,0,0,2,2,1,0,1,1,2,+25,8,FALSE,FALSE,FALSE,COACH'S DECISION,TRUE,21,H. Xu,https://a.espncdn.com/i/headshots/wnba/players/full/4337216.png,Center,C,New York Liberty,s:40~l:59~t:9,new-york-liberty,https://a.espncdn.com/i/teamlogos/wnba/500/ny.png,NY,86cebc,000000,home,TRUE,106,18,Sun,Connecticut,Connecticut Sun,CON,https://a.espncdn.com/guid/7c72e7ee-5064-b766-2b39-95b57e3d9a08/logos/default.png,f05023,0a2240,75
401856890,2026,2,2026-05-08,2026-05-08T23:30:00Z,2327695,Rebekah Gardner,9,Liberty,New York,Liberty,22,3,6,0,1,3,4,2,2,4,0,1,0,2,5,+26,9,FALSE,FALSE,FALSE,COACH'S DECISION,TRUE,7,R. Gardner,https://a.espncdn.com/i/headshots/wnba/players/full/2327695.png,Guard,G,New York Liberty,s:40~l:59~t:9,new-york-liberty,https://a.espncdn.com/i/teamlogos/wnba/500/ny.png,NY,86cebc,000000,home,TRUE,106,18,Sun,Connecticut,Connecticut Sun,CON,https://a.espncdn.com/guid/7c72e7ee-5064-b766-2b39-95b57e3d9a08/logos/default.png,f05023,0a2240,75
401856890,2026,2,2026-05-08,2026-05-08T23:30:00Z,2566110,Julie Vanloo,9,Liberty,New York,Liberty,22,3,4,2,3,4,4,1,6,7,11,1,0,3,2,+31,12,FALSE,FALSE,FALSE,COACH'S DECISION,TRUE,53,J. Vanloo,https://a.espncdn.com/i/headshots/wnba/players/full/2566110.png,Guard,G,New York Liberty,s:40~l:59~t:9,new-york-liberty,https://a.espncdn.com/i/teamlogos/wnba/500/ny.png,NY,86cebc,000000,home,TRUE,106,18,Sun,Connecticut,Connecticut Sun,CON,https://a.espncdn.com/guid/7c72e7ee-5064-b766-2b39-95b57e3d9a08/logos/default.png,f05023,0a2240,75
401856890,2026,2,2026-05-08,2026-05-08T23:30:00Z,4281929,Satou Sabally,9,Liberty,New York,Liberty,,,,,,,,,,,,,,,,,,FALSE,FALSE,TRUE,CYST SURGERY,FALSE,0,S. Sabally,https://a.espncdn.com/i/headshots/wnba/players/full/4281929.png,Forward,F,New York Liberty,s:40~l:59~t:9,new-york-liberty,https://a.espncdn.com/i/teamlogos/wnba/500/ny.png,NY,86cebc,000000,home,TRUE,106,18,Sun,Connecticut,Connecticut Sun,CON,https://a.espncdn.com/guid/7c72e7ee-5064-b766-2b39-95b57e3d9a08/logos/default.png,f05023,0a2240,75
401856890,2026,2,2026-05-08,2026-05-08T23:30:00Z,3102133,Rebecca Allen,9,Liberty,New York,Liberty,,,,,,,,,,,,,,,,,,FALSE,FALSE,TRUE,LEFT LEG INJURY,FALSE,9,R. Allen,https://a.espncdn.com/i/headshots/wnba/players/full/3102133.png,Guard,G,New York Liberty,s:40~l:59~t:9,new-york-liberty,https://a.espncdn.com/i/teamlogos/wnba/500/ny.png,NY,86cebc,000000,home,TRUE,106,18,Sun,Connecticut,Connecticut Sun,CON,https://a.espncdn.com/guid/7c72e7ee-5064-b766-2b39-95b57e3d9a08/logos/default.png,f05023,0a2240,75
401856890,2026,2,2026-05-08,2026-05-08T23:30:00Z,4066533,Sabrina Ionescu,9,Liberty,New York,Liberty,,,,,,,,,,,,,,,,,,FALSE,FALSE,TRUE,LEFT FOOT,FALSE,20,S. Ionescu,https://a.espncdn.com/i/headshots/wnba/players/full/4066533.png,Guard,G,New York Liberty,s:40~l:59~t:9,new-york-liberty,https://a.espncdn.com/i/teamlogos/wnba/500/ny.png,NY,86cebc,000000,home,TRUE,106,18,Sun,Connecticut,Connecticut Sun,CON,https://a.espncdn.com/guid/7c72e7ee-5064-b766-2b39-95b57e3d9a08/logos/default.png,f05023,0a2240,75
401856891,2026,2,2026-05-08,2026-05-08T23:30:00Z,4898384,Kiki Iriafen,16,Mystics,Washington,Mystics,28,5,9,0,2,2,4,4,12,16,2,0,1,2,5,+13,12,TRUE,FALSE,FALSE,COACH'S DECISION,TRUE,44,K. Iriafen,https://a.espncdn.com/i/headshots/wnba/players/full/4898384.png,Forward,F,Washington Mystics,s:40~l:59~t:16,washington-mystics,https://a.espncdn.com/i/teamlogos/wnba/500/wsh.png,WSH,e03a3e,002b5c,away,TRUE,68,131935,Tempo,Toronto,Toronto Tempo,TOR,https://a.espncdn.com/i/teamlogos/wnba/500/tor.png,33476D,7B1B38,65
401856891,2026,2,2026-05-08,2026-05-08T23:30:00Z,4398911,Shakira Austin,16,Mystics,Washington,Mystics,28,6,13,0,1,6,10,0,11,11,2,2,2,2,4,+13,18,TRUE,FALSE,FALSE,COACH'S DECISION,TRUE,0,S. Austin,https://a.espncdn.com/i/headshots/wnba/players/full/4398911.png,Center,C,Washington Mystics,s:40~l:59~t:16,washington-mystics,https://a.espncdn.com/i/teamlogos/wnba/500/wsh.png,WSH,e03a3e,002b5c,away,TRUE,68,131935,Tempo,Toronto,Toronto Tempo,TOR,https://a.espncdn.com/i/teamlogos/wnba/500/tor.png,33476D,7B1B38,65
401856891,2026,2,2026-05-08,2026-05-08T23:30:00Z,4433524,Sonia Citron,16,Mystics,Washington,Mystics,34,9,12,3,6,5,8,0,2,2,0,2,2,2,2,+13,26,TRUE,FALSE,FALSE,COACH'S DECISION,TRUE,22,S. Citron,https://a.espncdn.com/i/headshots/wnba/players/full/4433524.png,Guard,G,Washington Mystics,s:40~l:59~t:16,washington-mystics,https://a.espncdn.com/i/teamlogos/wnba/500/wsh.png,WSH,e03a3e,002b5c,away,TRUE,68,131935,Tempo,Toronto,Toronto Tempo,TOR,https://a.espncdn.com/i/teamlogos/wnba/500/tor.png,33476D,7B1B38,65
401856891,2026,2,2026-05-08,2026-05-08T23:30:00Z,4704180,Georgia Amoore,16,Mystics,Washington,Mystics,20,2,9,2,7,0,0,0,3,3,3,2,0,5,1,+16,6,TRUE,FALSE,FALSE,COACH'S DECISION,FALSE,8,G. Amoore,https://a.espncdn.com/i/headshots/wnba/players/full/4704180.png,Guard,G,Washington Mystics,s:40~l:59~t:16,washington-mystics,https://a.espncdn.com/i/teamlogos/wnba/500/wsh.png,WSH,e03a3e,002b5c,away,TRUE,68,131935,Tempo,Toronto,Toronto Tempo,TOR,https://a.espncdn.com/i/teamlogos/wnba/500/tor.png,33476D,7B1B38,65
401856891,2026,2,2026-05-08,2026-05-08T23:30:00Z,5122345,Cassandre Prosper,16,Mystics,Washington,Mystics,19,1,5,0,3,0,0,1,0,1,2,1,0,1,6,+4,2,TRUE,FALSE,FALSE,COACH'S DECISION,FALSE,18,C. Prosper,https://a.espncdn.com/i/headshots/wnba/players/full/5122345.png,Guard,G,Washington Mystics,s:40~l:59~t:16,washington-mystics,https://a.espncdn.com/i/teamlogos/wnba/500/wsh.png,WSH,e03a3e,002b5c,away,TRUE,68,131935,Tempo,Toronto,Toronto Tempo,TOR,https://a.espncdn.com/i/teamlogos/wnba/500/tor.png,33476D,7B1B38,65
401856891,2026,2,2026-05-08,2026-05-08T23:30:00Z,4433411,Angela Dugalic,16,Mystics,Washington,Mystics,12,1,4,0,2,0,0,0,2,2,0,0,0,1,1,-10,2,FALSE,FALSE,FALSE,COACH'S DECISION,FALSE,32,A. Dugalic,https://a.espncdn.com/i/headshots/wnba/players/full/4433411.png,Forward,F,Washington Mystics,s:40~l:59~t:16,washington-mystics,https://a.espncdn.com/i/teamlogos/wnba/500/wsh.png,WSH,e03a3e,002b5c,away,TRUE,68,131935,Tempo,Toronto,Toronto Tempo,TOR,https://a.espncdn.com/i/teamlogos/wnba/500/tor.png,33476D,7B1B38,65
401856891,2026,2,2026-05-08,2026-05-08T23:30:00Z,5105737,Lauren Betts,16,Mystics,Washington,Mystics,12,0,4,0,0,0,0,3,2,5,1,0,0,0,1,-10,0,FALSE,FALSE,FALSE,COACH'S DECISION,FALSE,51,L. Betts,https://a.espncdn.com/i/headshots/wnba/players/full/5105737.png,Center,C,Washington Mystics,s:40~l:59~t:16,washington-mystics,https://a.espncdn.com/i/teamlogos/wnba/500/wsh.png,WSH,e03a3e,002b5c,away,TRUE,68,131935,Tempo,Toronto,Toronto Tempo,TOR,https://a.espncdn.com/i/teamlogos/wnba/500/tor.png,33476D,7B1B38,65
401856891,2026,2,2026-05-08,2026-05-08T23:30:00Z,4433523,Rori Harmon,16,Mystics,Washington,Mystics,20,0,2,0,0,0,0,0,2,2,2,3,0,3,4,-13,0,FALSE,FALSE,FALSE,COACH'S DECISION,TRUE,3,R. Harmon,https://a.espncdn.com/i/headshots/wnba/players/full/4433523.png,Guard,G,Washington Mystics,s:40~l:59~t:16,washington-mystics,https://a.espncdn.com/i/teamlogos/wnba/500/wsh.png,WSH,e03a3e,002b5c,away,TRUE,68,131935,Tempo,Toronto,Toronto Tempo,TOR,https://a.espncdn.com/i/teamlogos/wnba/500/tor.png,33476D,7B1B38,65
401856891,2026,2,2026-05-08,2026-05-08T23:30:00Z,4433815,Lucy Olsen,16,Mystics,Washington,Mystics,10,0,3,0,1,0,0,0,0,0,1,0,0,2,0,-7,0,FALSE,FALSE,FALSE,COACH'S DECISION,TRUE,33,L. Olsen,https://a.espncdn.com/i/headshots/wnba/players/full/4433815.png,Guard,G,Washington Mystics,s:40~l:59~t:16,washington-mystics,https://a.espncdn.com/i/teamlogos/wnba/500/wsh.png,WSH,e03a3e,002b5c,away,TRUE,68,131935,Tempo,Toronto,Toronto Tempo,TOR,https://a.espncdn.com/i/teamlogos/wnba/500/tor.png,33476D,7B1B38,65
401856891,2026,2,2026-05-08,2026-05-08T23:30:00Z,5278157,Alex Wilson,16,Mystics,Washington,Mystics,17,1,3,0,2,0,0,1,1,2,1,0,0,0,4,-4,2,FALSE,FALSE,FALSE,COACH'S DECISION,FALSE,4,A. Wilson,https://a.espncdn.com/i/headshots/wnba/players/full/5278157.png,Guard,G,Washington Mystics,s:40~l:59~t:16,washington-mystics,https://a.espncdn.com/i/teamlogos/wnba/500/wsh.png,WSH,e03a3e,002b5c,away,TRUE,68,131935,Tempo,Toronto,Toronto Tempo,TOR,https://a.espncdn.com/i/teamlogos/wnba/500/tor.png,33476D,7B1B38,65
401856891,2026,2,2026-05-08,2026-05-08T23:30:00Z,4398768,Nyara Sabally,131935,Tempo,Toronto,Tempo,26,3,8,0,2,2,4,3,3,6,0,3,1,1,5,-4,8,TRUE,FALSE,FALSE,COACH'S DECISION,TRUE,8,N. Sabally,https://a.espncdn.com/i/headshots/wnba/players/full/4398768.png,Forward,F,Toronto Tempo,s:40~l:59~t:131935,toronto-tempo,https://a.espncdn.com/i/teamlogos/wnba/500/tor.png,TOR,33476D,7B1B38,home,FALSE,65,16,Mystics,Washington,Washington Mystics,WSH,https://a.espncdn.com/i/teamlogos/wnba/500/wsh.png,e03a3e,002b5c,68
401856891,2026,2,2026-05-08,2026-05-08T23:30:00Z,2569044,Temi Fagbenle,131935,Tempo,Toronto,Tempo,16,0,2,0,1,2,2,0,1,1,1,1,0,4,4,0,2,TRUE,FALSE,FALSE,COACH'S DECISION,FALSE,14,T. Fagbenle,https://a.espncdn.com/i/headshots/wnba/players/full/2569044.png,Center,C,Toronto Tempo,s:40~l:59~t:131935,toronto-tempo,https://a.espncdn.com/i/teamlogos/wnba/500/tor.png,TOR,33476D,7B1B38,home,FALSE,65,16,Mystics,Washington,Washington Mystics,WSH,https://a.espncdn.com/i/teamlogos/wnba/500/wsh.png,e03a3e,002b5c,68
401856891,2026,2,2026-05-08,2026-05-08T23:30:00Z,2988756,Brittney Sykes,131935,Tempo,Toronto,Tempo,28,4,18,0,5,6,9,0,3,3,2,3,0,2,4,-4,14,TRUE,FALSE,FALSE,COACH'S DECISION,TRUE,20,B. Sykes,https://a.espncdn.com/i/headshots/wnba/players/full/2988756.png,Guard,G,Toronto Tempo,s:40~l:59~t:131935,toronto-tempo,https://a.espncdn.com/i/teamlogos/wnba/500/tor.png,TOR,33476D,7B1B38,home,FALSE,65,16,Mystics,Washington,Washington Mystics,WSH,https://a.espncdn.com/i/teamlogos/wnba/500/wsh.png,e03a3e,002b5c,68
401856891,2026,2,2026-05-08,2026-05-08T23:30:00Z,3904576,Marina Mabrey,131935,Tempo,Toronto,Tempo,30,6,18,3,9,12,14,0,7,7,2,1,0,4,3,-7,27,TRUE,FALSE,FALSE,COACH'S DECISION,TRUE,3,M. Mabrey,https://a.espncdn.com/i/headshots/wnba/players/full/3904576.png,Guard,G,Toronto Tempo,s:40~l:59~t:131935,toronto-tempo,https://a.espncdn.com/i/teamlogos/wnba/500/tor.png,TOR,33476D,7B1B38,home,FALSE,65,16,Mystics,Washington,Washington Mystics,WSH,https://a.espncdn.com/i/teamlogos/wnba/500/wsh.png,e03a3e,002b5c,68
401856891,2026,2,2026-05-08,2026-05-08T23:30:00Z,4001679,Julie Allemand,131935,Tempo,Toronto,Tempo,30,1,2,1,2,0,0,0,3,3,2,1,0,0,1,-6,3,TRUE,FALSE,FALSE,COACH'S DECISION,TRUE,22,J. Allemand,https://a.espncdn.com/i/headshots/wnba/players/full/4001679.png,Guard,G,Toronto Tempo,s:40~l:59~t:131935,toronto-tempo,https://a.espncdn.com/i/teamlogos/wnba/500/tor.png,TOR,33476D,7B1B38,home,FALSE,65,16,Mystics,Washington,Washington Mystics,WSH,https://a.espncdn.com/i/teamlogos/wnba/500/wsh.png,e03a3e,002b5c,68
401856891,2026,2,2026-05-08,2026-05-08T23:30:00Z,3910470,Maria Conde,131935,Tempo,Toronto,Tempo,15,0,5,0,1,2,2,2,1,3,0,0,0,1,0,+6,2,FALSE,FALSE,FALSE,COACH'S DECISION,FALSE,10,M. Conde,,Forward,F,Toronto Tempo,s:40~l:59~t:131935,toronto-tempo,https://a.espncdn.com/i/teamlogos/wnba/500/tor.png,TOR,33476D,7B1B38,home,FALSE,65,16,Mystics,Washington,Washington Mystics,WSH,https://a.espncdn.com/i/teamlogos/wnba/500/wsh.png,e03a3e,002b5c,68
401856891,2026,2,2026-05-08,2026-05-08T23:30:00Z,4434020,Teonni Key,131935,Tempo,Toronto,Tempo,9,0,1,0,1,0,2,1,2,3,1,0,1,1,0,-3,0,FALSE,FALSE,FALSE,COACH'S DECISION,FALSE,7,T. Key,https://a.espncdn.com/i/headshots/wnba/players/full/4434020.png,Forward,F,Toronto Tempo,s:40~l:59~t:131935,toronto-tempo,https://a.espncdn.com/i/teamlogos/wnba/500/tor.png,TOR,33476D,7B1B38,home,FALSE,65,16,Mystics,Washington,Washington Mystics,WSH,https://a.espncdn.com/i/teamlogos/wnba/500/wsh.png,e03a3e,002b5c,68
401856891,2026,2,2026-05-08,2026-05-08T23:30:00Z,5345444,Laura Juskaite,131935,Tempo,Toronto,Tempo,15,2,5,1,2,2,2,1,5,6,0,1,0,2,5,+1,7,FALSE,FALSE,FALSE,COACH'S DECISION,TRUE,2,L. Juskaite,https://a.espncdn.com/i/headshots/wnba/players/full/5345444.png,Forward,F,Toronto Tempo,s:40~l:59~t:131935,toronto-tempo,https://a.espncdn.com/i/teamlogos/wnba/500/tor.png,TOR,33476D,7B1B38,home,FALSE,65,16,Mystics,Washington,Washington Mystics,WSH,https://a.espncdn.com/i/teamlogos/wnba/500/wsh.png,e03a3e,002b5c,68
401856891,2026,2,2026-05-08,2026-05-08T23:30:00Z,3904479,Mariella Fasoula,131935,Tempo,Toronto,Tempo,1,0,0,0,0,0,0,0,1,1,0,0,0,0,2,-2,0,FALSE,FALSE,FALSE,COACH'S DECISION,FALSE,34,M. Fasoula,https://a.espncdn.com/i/headshots/wnba/players/full/3904479.png,Center,C,Toronto Tempo,s:40~l:59~t:131935,toronto-tempo,https://a.espncdn.com/i/teamlogos/wnba/500/tor.png,TOR,33476D,7B1B38,home,FALSE,65,16,Mystics,Washington,Washington Mystics,WSH,https://a.espncdn.com/i/teamlogos/wnba/500/wsh.png,e03a3e,002b5c,68
401856891,2026,2,2026-05-08,2026-05-08T23:30:00Z,3142327,Kia Nurse,131935,Tempo,Toronto,Tempo,10,1,1,0,0,0,0,0,1,1,1,0,0,1,2,+4,2,FALSE,FALSE,FALSE,COACH'S DECISION,FALSE,11,K. Nurse,https://a.espncdn.com/i/headshots/wnba/players/full/3142327.png,Guard,G,Toronto Tempo,s:40~l:59~t:131935,toronto-tempo,https://a.espncdn.com/i/teamlogos/wnba/500/tor.png,TOR,33476D,7B1B38,home,FALSE,65,16,Mystics,Washington,Washington Mystics,WSH,https://a.espncdn.com/i/teamlogos/wnba/500/wsh.png,e03a3e,002b5c,68
401856891,2026,2,2026-05-08,2026-05-08T23:30:00Z,4399342,Lexi Held,131935,Tempo,Toronto,Tempo,2,0,0,0,0,0,0,0,0,0,0,0,0,0,0,-1,0,FALSE,FALSE,FALSE,COACH'S DECISION,FALSE,12,L. Held,https://a.espncdn.com/i/headshots/wnba/players/full/4399342.png,Guard,G,Toronto Tempo,s:40~l:59~t:131935,toronto-tempo,https://a.espncdn.com/i/teamlogos/wnba/500/tor.png,TOR,33476D,7B1B38,home,FALSE,65,16,Mystics,Washington,Washington Mystics,WSH,https://a.espncdn.com/i/teamlogos/wnba/500/wsh.png,e03a3e,002b5c,68
401856891,2026,2,2026-05-08,2026-05-08T23:30:00Z,4565505,Kiki Rice,131935,Tempo,Toronto,Tempo,18,0,3,0,2,0,0,2,1,3,1,0,0,0,0,+1,0,FALSE,FALSE,FALSE,COACH'S DECISION,FALSE,1,K. Rice,https://a.espncdn.com/i/headshots/wnba/players/full/4565505.png,Guard,G,Toronto Tempo,s:40~l:59~t:131935,toronto-tempo,https://a.espncdn.com/i/teamlogos/wnba/500/tor.png,TOR,33476D,7B1B38,home,FALSE,65,16,Mystics,Washington,Washington Mystics,WSH,https://a.espncdn.com/i/teamlogos/wnba/500/wsh.png,e03a3e,002b5c,68
